YearBuilt,YearRemodAdd,MasVnrArea,BsmtFinSF1,TotalBsmtSF,GrLivArea,GarageArea,WoodDeckSF
1961,1961,0.0,6.150602768446279,6.78332520060396,896,730.0,140
1958,1958,108.0,6.828712071641684,7.1929342212158,1329,312.0,393
1997,1998,0.0,6.674561391814426,6.834108738813838,1629,482.0,212
1998,1998,20.0,6.401917196727186,6.831953565565855,1604,470.0,360
1992,1992,0.0,5.575949103146316,7.155396301896734,1280,506.0,0
1993,1994,0.0,0.0,6.638567789166521,1655,440.0,157
1992,2007,0.0,6.841615476477592,7.063903961472068,1187,420.0,483
1998,1998,0.0,0.0,6.672032945461067,1465,393.0,0
1990,1990,0.0,6.45833828334479,7.170888478512505,1341,506.0,192
1970,1970,0.0,6.690842277418564,6.78332520060396,882,525.0,240
1999,1999,0.0,6.9584483932976555,7.2485040723706105,1337,511.0,203
1971,1971,504.0,5.056245805348308,6.182084906716632,987,264.0,275
1971,1971,492.0,5.707110264748875,6.26530121273771,1092,320.0,0
1975,1975,0.0,6.244166900663736,6.752270376141742,1456,440.0,173
1975,1975,0.0,0.0,6.729824070489475,836,308.0,0
2009,2010,162.0,0.0,7.372118028337787,2334,751.0,144
2009,2010,256.0,0.0,7.3427791893318455,1544,868.0,0
2005,2005,615.0,4.709530201312334,7.4377951216719325,1698,730.0,192
2005,2006,240.0,3.367295829986474,7.508238774678663,1822,678.0,0
2003,2004,1095.0,7.2254814727822945,7.954021087278037,2696,958.0,220
2002,2002,232.0,6.361302477572996,7.421775793644647,2250,756.0,238
2006,2006,178.0,3.2188758248682006,7.223295679562314,1370,484.0,120
2005,2005,0.0,0.0,7.1891677384203225,1324,430.0,36
2006,2006,14.0,2.833213344056216,7.044032897274685,1145,437.0,100
2004,2004,0.0,5.7899601708972535,5.953243334287785,1374,400.0,100
2004,2004,0.0,0.0,6.742880635791903,1733,433.0,144
1998,1998,114.0,0.0,7.396335293800808,2475,962.0,23
2005,2006,226.0,0.0,7.3752557780097545,1595,880.0,144
2009,2010,0.0,0.0,7.105786129481271,1218,676.0,0
2005,2005,0.0,7.254884810077338,7.292337176173877,1468,528.0,0
2004,2004,122.0,0.0,6.723832440821209,1659,484.0,144
1920,1950,0.0,0.0,6.705639094860003,1012,429.0,121
1974,2002,250.0,4.844187086458591,7.097548850614793,1494,461.0,296
1993,1993,504.0,5.5254529391317835,7.116394144093465,2349,762.0,32
1992,1993,180.0,7.029972911706386,7.237778191923443,2225,713.0,198
2004,2005,0.0,7.1693500166706,7.305860032684009,1488,506.0,168
2004,2004,0.0,0.0,6.734591659972948,1680,588.0,0
2004,2004,120.0,5.638354669333745,6.398594934535208,1200,480.0,0
2004,2005,0.0,5.910796644040527,6.398594934535208,1200,480.0,0
2005,2005,216.0,5.932245187448011,6.398594934535208,1236,480.0,0
2000,2000,1159.0,6.1463292576688975,6.6293632534374485,1512,440.0,0
2003,2003,0.0,5.501258210544727,6.274762021241939,1080,496.0,0
2010,2010,0.0,6.940222469119639,7.404279118037268,1418,852.0,160
2000,2000,0.0,6.184148890937483,6.883462586413092,1848,592.0,280
2002,2002,0.0,6.726233402358747,7.30854279753919,1492,596.0,277
1967,1967,120.0,6.2285110035911835,7.512071245835466,1829,535.0,0
1993,1993,0.0,7.037027614686276,7.155396301896734,2495,660.0,224
1978,1978,0.0,6.5337888379333435,7.110696122978827,1891,678.0,0
1971,1971,0.0,5.799092654460526,6.573680166960646,1645,441.0,0
1966,1966,172.0,6.54965074223381,7.117205503164344,1232,490.0,0
1966,1966,0.0,6.966024187106113,7.098375638590786,1209,504.0,0
1967,1967,268.0,6.918695219020472,7.32052696227274,1510,517.0,0
1964,1964,0.0,0.0,6.280395838960195,1775,480.0,0
1962,2001,144.0,7.313886831633462,7.455298485683291,1728,0.0,0
1952,2002,265.0,6.508769136971682,7.039660349862076,2461,400.0,0
1949,1950,340.0,5.707110264748875,6.663132695990803,1556,470.0,0
1966,2008,216.0,6.851184927493743,6.985641817639208,1128,315.0,238
1958,1958,0.0,0.0,7.380879035564116,1604,576.0,42
2003,2009,506.0,7.080867896690782,7.300472814267799,1480,620.0,252
1959,1959,150.0,6.75343791859778,7.042286171939743,1143,308.0,0
1959,1959,91.0,6.842683282238422,7.095893221097532,1206,312.0,0
1959,1959,432.0,6.5998704992128365,7.126890808898808,1580,440.0,0
1956,1956,0.0,0.0,6.725033642166843,1337,263.0,0
1952,1952,0.0,5.8289456176102075,6.762729506931879,1064,318.0,0
1955,1955,0.0,6.47543271670409,6.880384082186005,972,305.0,0
1958,1958,0.0,6.278521424165844,6.8966943316227125,988,264.0,0
1920,1994,0.0,0.0,6.3578422665081,985,676.0,0
1948,2004,0.0,6.1779441140506,6.705639094860003,1224,280.0,414
1960,1960,0.0,6.3784261836515865,7.069874128458572,1175,484.0,0
1963,1984,218.0,6.576469569048224,7.241366283322318,1395,440.0,657
1900,1954,771.0,3.8918202981106265,6.565264970035361,1844,240.0,84
1920,1950,0.0,6.363028103540465,6.842683282238422,936,0.0,51
1957,1957,0.0,5.616771097666572,7.206377291472252,1347,551.0,0
1938,2000,0.0,0.0,6.71901315438526,1251,240.0,0
1948,2009,0.0,6.660575149839686,6.93537044601511,1633,240.0,0
1920,1962,0.0,5.176149732573829,6.9167150203536085,1245,315.0,0
1923,1970,0.0,0.0,6.520621127558696,832,780.0,0
1900,2003,0.0,0.0,6.836259277277067,1566,288.0,54
1890,2002,0.0,0.0,5.849324779946859,2268,624.0,0
1910,1950,0.0,0.0,6.734591659972948,2256,0.0,0
1922,1994,0.0,5.648974238161206,6.6052979209482015,1470,624.0,0
1950,1997,0.0,6.670766320845874,6.8966943316227125,1612,363.0,0
1922,2005,0.0,6.163314804034641,7.011213987350367,2068,315.0,0
1925,1950,0.0,5.241747015059643,6.641182169740591,765,200.0,135
1939,1950,0.0,6.115892125483034,6.411818267709897,1132,240.0,0
1940,1950,0.0,5.579729825986222,6.35088571671474,1196,576.0,0
1942,1950,300.0,5.8888779583328805,6.728628613084702,1453,240.0,0
1948,1950,0.0,5.707110264748875,6.660575149839686,1416,312.0,221
1936,1980,0.0,5.6240175061873385,6.270988431858299,1040,624.0,306
1930,1950,0.0,6.1070228877422545,6.834108738813838,1536,480.0,0
1923,1950,0.0,6.8679744089702925,7.025538314638521,1068,288.0,0
1915,1950,0.0,0.0,6.790097235513905,1962,572.0,160
1912,2009,0.0,0.0,6.660575149839686,1560,0.0,344
1920,1993,0.0,0.0,6.4967749901858625,1324,180.0,0
1959,1959,90.0,6.642486801367256,7.260522598089852,1675,365.0,0
1917,1950,0.0,0.0,6.536691597591305,1224,180.0,0
1915,1950,0.0,6.934397209928558,7.10085190894405,1392,0.0,0
1940,1950,0.0,5.910796644040527,6.398594934535208,919,231.0,0
1907,1950,0.0,4.30406509320417,6.56244409369372,1884,0.0,0
1910,1950,0.0,6.602587892189336,6.75343791859778,1680,450.0,56
1967,1967,72.0,6.558197802812269,7.513709247839705,1832,0.0,0
1966,2008,47.0,5.484796933490655,6.762729506931879,892,416.0,0
1968,1968,0.0,6.654152520183219,6.762729506931879,864,280.0,226
1978,1978,0.0,7.1853870155804165,7.1853870155804165,1373,591.0,0
1968,1968,0.0,5.5909869805108565,6.580639137284949,1440,480.0,192
1977,2001,0.0,6.996681488176539,7.259116128097101,1483,690.0,496
1927,1950,0.0,0.0,6.493753839851686,756,440.0,80
1978,1992,288.0,6.872128101338986,7.0192966537150445,1981,522.0,336
1938,1990,0.0,5.666426688112432,6.880384082186005,1610,480.0,0
1950,1987,0.0,4.653960350157523,6.498282149476434,1074,467.0,0
1947,1979,0.0,5.262690188904886,6.6293632534374485,1531,209.0,0
1954,1998,0.0,6.86171134048073,7.067319848653476,1172,366.0,240
2009,2010,96.0,7.205635176410364,7.319202458767849,1508,572.0,0
1964,1964,0.0,0.0,7.1316985104669115,1298,504.0,0
1987,1987,177.0,7.2682230211595655,7.2682230211595655,1433,528.0,0
1993,1993,85.0,6.7580945044277305,6.853299093186078,1802,1017.0,450
2010,2010,80.0,3.2188758248682006,7.109062135687172,1222,615.0,0
1900,1993,0.0,0.0,6.517671272912275,1445,484.0,0
1996,1996,0.0,6.769641976852503,6.769641976852503,965,580.0,71
1997,1998,0.0,5.869296913133774,6.778784897685177,1692,513.0,0
1977,2004,0.0,5.293304824724492,6.934397209928558,1026,308.0,316
1972,1972,0.0,6.175867270105761,6.776506992372183,876,484.0,0
2003,2003,320.0,7.428333194190806,7.590346945602565,1978,850.0,188
1997,1997,0.0,0.0,6.947937068614969,2098,621.0,331
2003,2003,170.0,6.511745329644728,6.744059186311348,848,420.0,140
1945,2007,0.0,0.0,0.0,640,240.0,0
1954,1954,0.0,0.0,5.945420608606575,992,319.0,60
1968,1968,0.0,6.976348070447749,7.087573705557973,1196,336.0,257
1948,1950,0.0,0.0,6.61338421837956,1120,480.0,0
1975,1975,0.0,6.270988431858299,6.9167150203536085,1096,352.0,0
1958,1958,0.0,0.0,6.8679744089702925,960,0.0,0
1924,1999,203.0,4.897839799950911,7.010311867307229,1296,260.0,0
1939,1950,0.0,5.476463551931511,6.75343791859778,856,399.0,0
1967,1967,0.0,0.0,0.0,2650,0.0,0
1931,1950,0.0,0.0,6.796823718274855,1666,0.0,0
1941,1985,371.0,6.056784013228625,7.332369205929062,2133,312.0,0
1950,1991,430.0,5.929589143389895,6.940222469119639,2177,484.0,0
1994,2007,44.0,5.840641657373398,6.049733455231958,1652,473.0,0
1989,1989,0.0,6.617402977974478,6.890609120147166,1034,598.0,141
1989,1989,0.0,4.343805421853684,7.083387847625295,1191,531.0,112
1941,1950,0.0,6.175867270105761,6.175867270105761,540,200.0,0
1921,1975,0.0,5.733341276897746,6.4457198193855785,1107,625.0,0
1896,1950,0.0,0.0,6.6293632534374485,952,330.0,0
2004,2005,186.0,7.2254814727822945,7.374629015218945,1646,525.0,128
1998,1999,0.0,6.423246963533519,6.956545443151569,1916,741.0,0
1977,1977,0.0,6.522092798170152,7.126087273299125,1285,473.0,375
1976,1976,0.0,0.0,7.580189417944541,2048,776.0,0
2008,2008,60.0,4.3694478524670215,7.198183577101943,1346,660.0,100
2009,2010,0.0,0.0,7.102499355774649,1214,520.0,0
2006,2007,0.0,0.0,5.953243334287785,1444,400.0,100
1965,1977,0.0,3.7612001156935624,6.974478911025045,1264,528.0,0
2004,2005,0.0,0.0,7.266128779556451,1430,624.0,0
1999,1999,0.0,0.0,7.20414929203594,1344,686.0,328
1973,1973,0.0,6.82001636467413,6.852242569051878,945,253.0,174
1970,1970,0.0,5.176149732573829,6.304448802421981,1092,0.0,200
1970,1970,0.0,0.0,6.304448802421981,1092,0.0,0
1972,1972,0.0,5.68697535633982,6.304448802421981,1092,286.0,0
1971,2004,0.0,6.152732694704104,6.762729506931879,874,352.0,0
1984,1984,0.0,5.337538079701318,6.726233402358747,833,495.0,431
1985,1986,0.0,0.0,7.104144092987527,2432,616.0,200
1991,1991,0.0,6.129050210060545,6.437751649736401,1274,576.0,22
1969,1969,0.0,6.1675164908883415,6.762729506931879,1479,275.0,287
1994,1995,0.0,7.201916317531627,7.426549072397305,1803,482.0,129
1993,1994,0.0,6.851184927493743,7.050122520269059,1797,616.0,162
1956,1956,0.0,6.336825731146441,6.78332520060396,882,502.0,0
1974,1974,440.0,6.739336627357174,7.268920128193722,1434,528.0,80
1997,1997,0.0,6.742880635791903,6.852242569051878,1608,470.0,252
2003,2003,188.0,6.7464121285733745,6.9167150203536085,2283,632.0,120
1996,1997,32.0,5.652489180268651,5.953243334287785,1628,390.0,48
2004,2005,0.0,7.583756300707112,7.700295203420117,2522,564.0,182
1998,1998,0.0,5.834810737062605,7.257707677160043,1478,495.0,168
1995,1996,0.0,6.60934924316738,7.370230641807081,1734,528.0,52
1998,1998,0.0,5.247024072160486,5.953243334287785,1382,396.0,256
1998,1999,0.0,6.1675164908883415,6.859614903654202,1636,440.0,0
1994,1995,0.0,6.398594934535208,6.56244409369372,1516,409.0,0
1993,1993,45.0,0.0,7.074963197966044,1190,430.0,0
1977,1977,157.0,5.993961427306569,7.023758954738443,1934,567.0,0
1978,1978,256.0,0.0,6.725033642166843,2050,529.0,192
1978,1986,101.0,5.8971538676367405,7.2640301428995295,1671,484.0,252
1980,1991,229.0,6.401917196727186,6.950814768442584,2673,441.0,178
1978,1998,144.0,6.725033642166843,7.039660349862076,1707,479.0,0
2003,2003,0.0,6.434546518787453,6.831953565565855,1884,581.0,0
2000,2001,0.0,0.0,6.9650803456014065,1874,588.0,0
2002,2002,0.0,5.420534999272286,6.880384082186005,1811,565.0,225
1975,1975,161.0,7.195937226475569,7.3914152346753585,1621,478.0,0
1974,1974,196.0,6.790097235513905,7.018401799069201,1116,528.0,0
1975,1975,0.0,6.456769655572163,7.0707241072602764,1193,506.0,40
1970,1970,0.0,0.0,7.074116816197362,1180,477.0,0
1971,1971,178.0,6.2166061010848646,6.950814768442584,1050,336.0,0
1970,1970,0.0,6.588926477533519,6.762729506931879,864,576.0,210
1971,2006,0.0,5.484796933490655,6.762729506931879,864,576.0,200
1973,1973,504.0,5.541263545158426,6.182084906716632,987,264.0,0
1972,1972,425.0,4.709530201312334,6.182084906716632,987,288.0,0
1976,1976,0.0,5.726847747587197,6.690842277418564,1548,440.0,108
1975,1975,0.0,6.077642243349034,6.964135612418245,1055,440.0,0
1977,1977,0.0,5.966146739123692,6.752270376141742,1456,440.0,0
1978,1978,0.0,5.771441123130016,6.690842277418564,1548,440.0,108
1978,1978,0.0,5.634789603169249,6.752270376141742,1456,440.0,147
1976,1976,0.0,6.285998094508865,6.729824070489475,836,345.0,150
1966,2004,165.0,6.4692503167957724,6.762729506931879,1120,656.0,0
2007,2007,726.0,7.215975002651466,7.482681828154651,2772,754.0,135
2009,2009,0.0,6.894670039433482,7.2196420401307355,2690,864.0,0
2008,2008,450.0,7.117205503164344,7.611347717403621,2020,896.0,192
2007,2007,472.0,7.735870319952567,7.875119281040293,2674,762.0,360
2008,2008,302.0,0.0,7.459914766241105,1736,834.0,319
2004,2005,238.0,7.3343293503005365,7.48605261786314,1782,932.0,99
2007,2007,20.0,7.115582126184454,7.319202458767849,2520,640.0,192
2008,2008,284.0,6.923628628138427,7.461640392208575,1743,927.0,168
2006,2006,122.0,6.945051063725834,7.316548177182976,1531,700.0,184
2008,2008,285.0,7.04141166379481,7.4815557019095165,1808,850.0,200
2003,2004,418.0,7.141245122350491,7.473637108496206,1760,583.0,165
2003,2003,724.0,7.587310506022615,7.8050670442584895,2452,886.0,0
2003,2004,186.0,0.0,6.9874902470009905,2400,730.0,114
2006,2006,383.0,0.0,7.377133712833954,1606,871.0,230
2005,2005,240.0,6.729824070489475,7.214504414151143,1358,484.0,192
2005,2005,135.0,6.782192056006791,7.175489713624222,1306,624.0,170
2007,2008,176.0,6.776506992372183,7.208600337960199,1358,484.0,192
2004,2005,730.0,7.671826797878781,7.821242083523558,2492,949.0,226
2003,2004,470.0,7.351158226430694,7.696667081526462,2200,685.0,208
2008,2009,308.0,6.68586094706836,7.541683099882111,1884,649.0,231
2008,2008,500.0,0.0,7.280697195384741,1456,539.0,192
2002,2003,270.0,7.087573705557973,7.44600149832412,1712,701.0,218
2003,2003,163.0,0.0,7.2485040723706105,1405,478.0,148
2005,2005,0.0,0.0,6.591673732008658,1456,390.0,100
2005,2006,0.0,0.0,6.61472560020376,1490,392.0,36
2005,2006,16.0,2.833213344056216,7.107425474110705,1220,397.0,100
2004,2005,0.0,0.0,5.953243334287785,1374,400.0,100
2004,2005,200.0,0.0,6.767343125265392,1630,436.0,120
2004,2004,0.0,0.0,6.741700694652055,1594,434.0,300
2003,2003,0.0,6.481577129276431,6.663132695990803,1489,400.0,0
2003,2003,0.0,6.20455776256869,6.54965074223381,1342,393.0,100
2002,2002,0.0,6.480044561926653,6.769641976852503,2004,644.0,0
2004,2004,0.0,5.488937726156687,5.953243334287785,1374,400.0,0
2000,2000,0.0,6.52795791762255,6.678342114654332,1514,394.0,0
1999,2000,0.0,0.0,5.953243334287785,1430,400.0,0
1999,1999,210.0,6.81783057145415,7.071573364211532,2312,658.0,298
1999,1999,0.0,0.0,5.953243334287785,1430,410.0,0
2000,2000,150.0,7.068172000388042,7.283448228756631,2687,810.0,252
1994,1995,634.0,5.4680601411351315,7.613324979540639,2063,815.0,182
1995,1996,286.0,6.705639094860003,6.976348070447749,2061,647.0,296
1993,1994,372.0,6.437751649736401,7.068172000388042,2232,623.0,173
2008,2008,240.0,0.0,7.436617265234227,1696,972.0,120
2008,2008,294.0,0.0,7.387090235656757,1658,726.0,144
2007,2007,260.0,7.166265974133638,7.440146680662688,1702,844.0,0
2006,2006,206.0,5.940171252720432,7.260522598089852,1432,492.0,297
2005,2006,198.0,7.677400430514807,7.807510042216193,2490,795.0,70
2008,2009,0.0,0.0,7.270312886079025,1436,529.0,0
2008,2008,0.0,0.0,7.246368080102461,1402,625.0,205
2007,2008,120.0,0.0,7.333676395657684,1530,984.0,212
2006,2007,238.0,3.2188758248682006,7.224753405767971,1448,692.0,0
2006,2006,121.0,6.52649485957079,6.803505257608338,1795,782.0,168
2008,2009,288.0,0.0,7.515889085215125,1836,517.0,0
2006,2007,0.0,7.266128779556451,7.410347097821024,1662,711.0,168
2003,2004,0.0,6.648984550024776,7.348587530927593,1553,588.0,192
2003,2003,0.0,6.018593214496234,6.70073110954781,1653,628.0,0
2007,2007,0.0,0.0,7.105786129481271,1218,576.0,0
2006,2006,0.0,4.007333185232471,7.040536390215956,1141,484.0,182
2004,2004,0.0,0.0,7.055312843339752,1158,0.0,0
2004,2004,0.0,0.0,6.728628613084702,1812,478.0,146
2004,2004,264.0,6.248042874508429,7.321849713788356,1512,845.0,210
2004,2005,0.0,0.0,7.016609683894219,1114,576.0,248
2004,2004,0.0,0.0,7.016609683894219,1114,0.0,0
2003,2004,0.0,6.729824070489475,7.016609683894219,1114,576.0,0
2008,2009,140.0,0.0,7.280008252884188,1450,788.0,0
1996,1997,132.0,6.45833828334479,6.81783057145415,2122,559.0,0
1992,1992,0.0,3.970291913552122,6.705639094860003,1730,528.0,0
1990,1991,0.0,0.0,7.195187320178709,1332,542.0,0
1994,1994,0.0,3.6109179126442243,6.626717749249025,1540,495.0,140
1986,1986,141.0,5.805134968916488,6.517671272912275,1400,465.0,0
1981,1981,0.0,0.0,0.0,1882,612.0,0
1962,1962,0.0,4.23410650459726,6.8885724595653635,980,400.0,0
1961,1961,0.0,6.493753839851686,6.762729506931879,864,732.0,0
1961,1961,0.0,6.762729506931879,6.762729506931879,864,440.0,158
1965,1965,0.0,6.300785794663244,6.932447891572509,1020,288.0,171
1963,1995,0.0,6.437751649736401,6.816735880594968,912,300.0,0
1962,1962,60.0,4.948759890378168,6.816735880594968,912,252.0,0
1980,1980,115.0,7.458186157340487,7.608374474380783,2014,864.0,462
1991,2008,196.0,6.400257445308821,6.883462586413092,1755,524.0,502
2004,2005,0.0,0.0,7.227662498728654,3005,704.0,0
2008,2008,280.0,0.0,7.454141078146678,1726,561.0,0
2008,2008,252.0,6.870053411798126,7.044032897274685,1256,641.0,0
2000,2000,513.0,6.230481447578482,6.6293632534374485,1512,440.0,0
1999,1999,218.0,6.309918278226516,6.539585955617669,1452,506.0,0
1977,2008,450.0,7.133295954896068,7.43543801981455,1694,642.0,501
1981,1981,0.0,4.804021044733257,7.462214939768189,1740,540.0,228
1976,1976,200.0,0.0,5.973809611869261,2499,527.0,0
1974,1974,0.0,6.329720905522696,6.6240652277998935,2067,784.0,297
1967,1997,256.0,0.0,6.838405200847344,2640,515.0,0
1969,1969,128.0,6.317164686747284,7.161622002939187,1336,502.0,312
1969,1969,200.0,6.862757913051401,7.104144092987527,1216,336.0,0
1977,1992,283.0,6.07073772800249,6.812345094177479,2288,520.0,321
1967,1967,0.0,6.47543271670409,6.762729506931879,864,312.0,0
1967,1967,0.0,0.0,7.358193752733032,1568,440.0,160
1974,1974,252.0,6.54965074223381,7.061334366910438,2061,498.0,0
1971,1971,509.0,6.870053411798126,7.117205503164344,1320,495.0,0
1960,1960,0.0,6.5998704992128365,6.796823718274855,894,396.0,0
1959,1959,0.0,6.0014148779611505,6.762729506931879,864,308.0,0
1957,1957,160.0,6.654152520183219,6.947937068614969,1362,768.0,0
1956,1956,70.0,6.439350371100098,6.955592608396297,1728,576.0,0
1961,1995,217.0,5.739792912179234,7.1808311990445555,1313,610.0,172
1964,1964,144.0,6.906754778648554,7.164720378771857,1292,520.0,0
1965,1965,0.0,5.963579343618446,6.61338421837956,2140,549.0,0
1961,1961,90.0,6.343880434126331,7.097548850614793,1576,368.0,85
1955,1955,0.0,4.61512051684126,6.8679744089702925,960,330.0,0
1967,1967,0.0,7.068172000388042,7.427144133408616,1691,550.0,0
1961,1961,3.0,7.180069874302796,7.282073658093465,1453,530.0,0
1966,2008,210.0,7.23561914106675,7.354362330421477,1567,542.0,0
1956,1956,164.0,6.75343791859778,7.064759027791802,1144,286.0,257
1960,1960,128.0,6.300785794663244,7.1929342212158,1329,441.0,0
1959,1998,0.0,6.5638555265321274,6.8966943316227125,988,297.0,156
1956,1956,0.0,6.077642243349034,7.0925737159746784,1202,304.0,0
1955,1955,0.0,5.153291594497779,7.232010331664759,1382,350.0,280
1956,1956,0.0,5.049856007249537,7.0909098220799835,1200,294.0,0
1958,1958,657.0,0.0,7.532088143541722,1866,495.0,0
1954,1954,80.0,6.19644412779452,6.968850378341948,1062,297.0,0
1951,1951,0.0,5.733341276897746,6.448889394146858,1112,480.0,0
1945,1950,0.0,6.55250788703459,6.677083461247136,793,240.0,0
1952,2005,0.0,6.837332814685591,6.939253946041508,1031,230.0,0
1953,1953,140.0,0.0,0.0,1210,616.0,208
1948,1999,0.0,6.551080335043404,6.551080335043404,1527,410.0,0
1950,1950,0.0,5.968707559985366,7.0909098220799835,1200,246.0,126
1958,1958,0.0,0.0,6.675823221634848,792,366.0,0
1939,2006,0.0,0.0,6.517671272912275,1352,720.0,187
1900,2003,0.0,0.0,6.0063531596017325,1039,281.0,0
1925,1950,0.0,0.0,6.961296045910167,1078,264.0,0
1915,1950,0.0,0.0,7.1808311990445555,2377,528.0,0
1910,2008,0.0,0.0,6.329720905522696,1690,624.0,0
1940,1950,0.0,0.0,6.0330862217988015,599,0.0,0
1920,1950,0.0,0.0,6.580639137284949,846,576.0,0
1890,1998,0.0,0.0,6.447305862541213,725,320.0,0
1969,1969,480.0,0.0,7.130098510125578,2544,907.0,0
1963,1963,295.0,5.953243334287785,7.2305631534092925,1380,364.0,0
1967,1967,0.0,6.771935555839602,6.947937068614969,1040,480.0,0
1958,2007,0.0,6.61472560020376,6.858565034791365,951,480.0,0
1957,1957,143.0,6.304448802421981,7.00850518208228,1105,308.0,0
1958,1958,82.0,0.0,5.081404364984463,1142,384.0,0
1950,1950,0.0,6.432940092739179,6.679599185844383,1133,900.0,0
1958,1958,0.0,0.0,6.948897222313312,1041,294.0,0
1952,1952,0.0,6.447305862541213,6.597145701886651,732,240.0,0
1959,1959,0.0,6.073044534100405,6.270988431858299,1183,288.0,0
1949,1996,0.0,0.0,6.725033642166843,1461,384.0,0
1948,1994,0.0,4.795790545596741,6.762729506931879,1495,576.0,180
1964,1964,420.0,0.0,6.660575149839686,1806,483.0,0
1978,1978,124.0,6.848005274576363,6.848005274576363,941,564.0,0
1963,1963,0.0,6.717804695023691,6.952728644624869,1045,264.0,0
1935,1998,0.0,0.0,6.804614520062624,1378,162.0,54
1910,1950,0.0,6.452048954437226,6.880384082186005,1944,324.0,0
1910,2003,0.0,0.0,5.484796933490655,1306,472.0,0
1910,2002,0.0,0.0,6.22455842927536,1464,0.0,0
1939,1950,0.0,6.045005314036012,6.53813982376767,1558,400.0,0
1920,1950,0.0,0.0,6.398594934535208,1701,0.0,0
1910,1950,0.0,0.0,6.687108607866515,1447,0.0,80
1950,1970,0.0,5.953243334287785,6.645090969505644,1328,308.0,0
1920,1950,0.0,0.0,6.759255270663693,861,288.0,0
1940,1950,0.0,0.0,0.0,612,308.0,0
1923,1950,0.0,0.0,6.437751649736401,792,287.0,0
1910,1950,0.0,0.0,6.519147287940395,1510,720.0,0
1900,1950,0.0,0.0,6.822197390620491,2007,357.0,0
1917,2007,0.0,0.0,6.437751649736401,1288,280.0,0
1910,1950,0.0,0.0,6.437751649736401,816,0.0,0
1920,1950,0.0,0.0,6.880384082186005,1480,207.0,0
1910,2002,0.0,0.0,6.60934924316738,1521,640.0,0
1900,1950,0.0,0.0,5.5053315359323625,797,0.0,0
1923,1950,0.0,0.0,6.930494765951626,1432,216.0,266
1930,1982,0.0,0.0,5.697093486505405,1654,336.0,244
1924,1950,444.0,5.3981627015177525,6.150602768446279,1142,320.0,0
1925,1999,0.0,0.0,6.8679744089702925,995,264.0,0
1938,1950,0.0,5.6131281063880705,6.859614903654202,1582,250.0,189
1925,1950,0.0,4.90527477843843,6.9782137426306985,1072,1184.0,0
1915,1950,0.0,0.0,6.955592608396297,1768,576.0,0
1915,1994,0.0,0.0,6.511745329644728,1944,216.0,24
1922,1950,0.0,0.0,6.947937068614969,2128,0.0,0
1927,1950,0.0,6.259581464064923,6.580639137284949,1930,316.0,0
1915,2002,0.0,0.0,6.182084906716632,1427,379.0,0
1902,2000,188.0,5.135798437050262,6.928537818164665,1864,0.0,0
1927,1950,0.0,0.0,7.094234845924755,1666,384.0,0
1923,1950,0.0,6.620073206530356,6.755768921984255,892,0.0,0
1915,1965,0.0,5.6240175061873385,6.54965074223381,1403,308.0,0
1946,2001,0.0,0.0,6.329720905522696,704,220.0,0
1987,1988,0.0,7.0909098220799835,7.0909098220799835,1200,0.0,120
1978,1978,0.0,7.050122520269059,7.050122520269059,1152,252.0,0
1934,1950,0.0,0.0,6.373319789577012,1112,226.0,0
1967,1967,172.0,6.269096283706261,6.959398512133975,1052,668.0,0
1978,1978,23.0,6.124683390894205,6.124683390894205,1034,504.0,0
1961,1961,0.0,0.0,6.315358001522335,1774,384.0,290
1960,1960,54.0,6.3784261836515865,7.037905963447182,1138,480.0,0
1956,1956,366.0,0.0,6.716594773520978,2071,336.0,131
1947,1950,0.0,0.0,0.0,660,0.0,0
1954,1954,0.0,0.0,0.0,1383,498.0,0
1956,1956,0.0,5.552959584921617,6.97914527506881,1073,340.0,0
1946,1950,0.0,5.8377304471659395,6.617402977974478,1639,240.0,0
1954,1954,0.0,5.159055299214529,6.993932975223189,1089,252.0,328
1984,1984,149.0,6.315358001522335,6.956545443151569,1049,266.0,0
1990,1991,0.0,6.133398042996649,6.961296045910167,1061,462.0,114
1983,1983,100.0,4.2626798770413155,6.255750041753367,1338,576.0,0
1993,1994,0.0,6.163314804034641,6.984716320118266,1879,473.0,400
1880,2007,0.0,0.0,0.0,2016,576.0,0
1979,1979,0.0,0.0,0.0,2228,720.0,73
1979,1979,0.0,0.0,0.0,1535,400.0,0
1979,1979,216.0,6.9985096422506015,6.9985096422506015,1229,672.0,120
1979,1979,0.0,0.0,0.0,1513,400.0,0
2000,2000,23.0,6.710523109452428,7.063903961472068,2787,820.0,312
2000,2000,23.0,6.710523109452428,7.063903961472068,2787,820.0,312
2000,2000,23.0,6.710523109452428,7.063903961472068,2787,820.0,312
2009,2009,242.0,6.92951677076365,7.349873704738337,1680,1138.0,185
2008,2008,364.0,7.007600613951853,7.450660796211539,1720,846.0,208
2008,2008,0.0,0.0,7.292337176173877,1468,904.0,192
2007,2008,352.0,7.215239978730097,7.516977224604321,1838,524.0,154
2007,2007,0.0,6.805722553416985,7.1569563646156364,1290,662.0,168
2008,2008,140.0,6.771935555839602,7.134890851565884,1254,810.0,168
2005,2006,76.0,3.2188758248682006,7.312553498102598,1498,844.0,144
2005,2006,0.0,0.0,6.558197802812269,1422,440.0,36
1992,1993,0.0,6.68586094706836,7.27931883541462,1759,525.0,150
1994,1994,0.0,6.628041376179533,6.898714534329988,990,440.0,66
1998,1998,0.0,6.85751406254539,7.288927694521257,1463,539.0,0
1998,1998,120.0,6.408528791059498,6.834108738813838,1772,492.0,150
2002,2001,68.0,7.138866999945524,7.266827347520591,1444,577.0,144
2001,2001,180.0,3.2188758248682006,7.30854279753919,1492,608.0,0
1978,1978,76.0,6.439350371100098,6.811244378601294,907,343.0,72
1979,1979,40.0,6.566672429803241,6.818924065275521,914,444.0,0
2002,2002,0.0,7.118826249062078,7.358830898342354,1611,1231.0,262
2003,2003,198.0,0.0,6.974478911025045,2184,570.0,192
2002,2002,0.0,0.0,6.734591659972948,1725,550.0,0
2001,2001,0.0,0.0,6.851184927493743,1870,608.0,256
1999,2000,260.0,7.1284959456800365,7.288244401020124,1513,521.0,135
2002,2003,164.0,7.215975002651466,7.508238774678663,1828,523.0,194
1997,1998,209.0,7.013915474810528,7.257002707092073,1417,511.0,60
2007,2007,180.0,7.2991214627108,7.364547014255642,1602,810.0,0
2007,2007,0.0,0.0,6.411818267709897,1396,440.0,100
1960,1971,0.0,5.991464547107982,6.922643891475888,1149,544.0,0
2005,2006,80.0,6.306275286948016,6.306275286948016,1072,525.0,0
1959,1959,0.0,5.808142489980444,6.776506992372183,876,320.0,0
1950,1950,0.0,6.983789965258135,6.983789965258135,1368,195.0,0
1959,1959,74.0,0.0,7.425953657077541,1678,0.0,0
1956,1956,259.0,6.304448802421981,7.048386408721883,1560,313.0,0
1941,1950,0.0,6.440946540632921,6.580639137284949,1298,256.0,84
1938,1950,88.0,6.725033642166843,6.725033642166843,1268,250.0,0
1935,1950,0.0,0.0,6.369900982828227,1242,180.0,329
1916,2000,0.0,0.0,6.705639094860003,1232,440.0,0
1918,1990,0.0,0.0,6.398594934535208,1228,215.0,0
1940,1950,0.0,6.591673732008658,6.734591659972948,1567,440.0,0
1960,1960,0.0,6.677083461247136,7.149916836132109,1273,307.0,483
1940,1950,0.0,5.5093883366279774,6.825460036255307,2480,400.0,0
1954,1954,0.0,5.043425116919247,7.014814351275545,1112,390.0,0
1960,1960,132.0,4.189654742026425,7.3537223303996315,1561,463.0,0
1949,2005,0.0,5.746203190540153,6.97354301952014,1523,295.0,0
1954,1954,420.0,6.665683717782408,7.1785454837637,1906,576.0,0
1980,1980,0.0,0.0,6.248042874508429,1032,452.0,279
1980,1992,0.0,6.156978985585555,6.331501849893691,1229,462.0,176
1980,1980,0.0,0.0,6.331501849893691,1229,462.0,154
1986,1986,242.0,6.12029741895095,6.35088571671474,1982,501.0,400
1971,2009,0.0,6.6895992691789665,7.4977617006225685,2365,551.0,200
1900,1993,0.0,0.0,6.634633357861686,2168,576.0,467
1925,1950,0.0,0.0,6.35088571671474,572,200.0,0
2007,2008,174.0,7.29776828253138,7.3758821482150125,1648,482.0,162
1910,1950,0.0,0.0,0.0,810,280.0,119
2000,2001,0.0,6.100318952020064,7.010311867307229,2052,642.0,210
1977,1977,0.0,6.643789733147672,6.805722553416985,926,351.0,319
1977,1977,0.0,6.7357800142423265,6.86484777797086,1287,541.0,302
1991,1991,0.0,4.02535169073515,7.367077059881012,1595,672.0,0
2008,2008,246.0,7.472500744737558,7.692113339595466,2036,780.0,90
2008,2008,406.0,7.017506142941256,7.403670290012373,1641,885.0,0
1980,2006,0.0,6.137727054086234,6.569481420414296,2237,440.0,305
1987,1989,310.0,6.807934943699926,7.406103381237015,1479,578.0,224
2003,2003,0.0,0.0,6.816735880594968,2014,486.0,124
2007,2007,290.0,7.403061091090091,7.590346945602565,1978,920.0,308
1968,1968,182.0,6.278521424165844,6.9167150203536085,1008,384.0,144
1969,2000,176.0,6.38856140554563,7.080867896690782,1404,504.0,0
1972,1972,0.0,6.580639137284949,6.680854678790215,796,336.0,138
1993,1996,0.0,4.74493212836325,5.953243334287785,1091,429.0,280
1992,1993,0.0,6.577861357721047,6.720220155135295,883,698.0,100
1992,1992,0.0,5.802118375377063,6.437751649736401,1287,440.0,150
1969,1969,178.0,6.208590026096629,6.665683717782408,1632,898.0,0
1997,1998,0.0,6.561030665896573,6.831953565565855,1604,470.0,0
1995,1996,119.0,6.1675164908883415,6.523562306149512,1470,420.0,192
1998,1998,0.0,6.747586526829315,6.831953565565855,1604,472.0,100
1996,1996,0.0,4.9344739331306915,6.821107472256465,1636,386.0,168
1996,1997,0.0,6.111467339502679,7.207118856207756,1384,404.0,0
1997,1997,0.0,6.48768401848461,7.417580402414544,1682,528.0,0
1992,1992,0.0,0.0,7.155396301896734,1280,506.0,0
1998,1998,0.0,0.0,6.838405200847344,1633,460.0,0
1991,1991,194.0,6.22455842927536,6.729824070489475,1709,416.0,0
1989,1989,0.0,5.768320995793772,7.198931240688173,1337,462.0,0
2005,2005,130.0,2.833213344056216,7.063903961472068,2500,683.0,192
2004,2004,296.0,7.198931240688173,7.541683099882111,1884,670.0,214
1952,1952,0.0,0.0,7.398174092970465,1474,495.0,0
2007,2007,178.0,6.942156705699469,7.444833273892193,1710,557.0,156
1950,1950,44.0,0.0,7.305860032684009,1488,738.0,0
1988,1988,102.0,6.891625897052253,7.424165281042028,1688,528.0,0
1983,1983,174.0,6.617402977974478,7.13966033596492,1260,598.0,152
1978,1978,383.0,7.095893221097532,7.6251071482389,2064,550.0,200
1979,1979,194.0,6.762729506931879,7.48605261786314,1782,551.0,467
1976,1976,621.0,6.792344427470809,7.10002716662926,1211,461.0,0
1980,1988,280.0,0.0,6.6052979209482015,2044,489.0,28
1969,1969,0.0,5.638354669333745,6.580639137284949,1308,484.0,0
1978,1978,168.0,6.8966943316227125,7.259116128097101,2840,1314.0,0
1976,1976,120.0,0.0,7.275864600546533,1444,473.0,0
1996,1996,402.0,6.931471805599453,7.1204443723924875,2340,787.0,192
1974,1974,0.0,0.0,6.799055862058796,1792,480.0,0
1969,1969,72.0,5.53338948872752,6.842683282238422,936,288.0,16
1971,1971,0.0,4.787491742782046,6.762729506931879,864,576.0,0
1973,1973,359.0,6.129050210060545,6.182084906716632,987,264.0,52
1972,1972,422.0,6.182084906716632,6.182084906716632,987,352.0,411
1972,1972,356.0,5.860786223465865,6.447305862541213,1302,264.0,0
1975,1975,0.0,5.659482215759621,6.752270376141742,1456,460.0,0
1977,1977,0.0,5.937536205082426,6.962243464266207,1055,440.0,0
2007,2007,302.0,6.920671504248683,7.367077059881012,1582,905.0,209
2007,2007,554.0,7.455298485683291,7.791109510610028,2464,650.0,358
2007,2007,480.0,7.226936018493289,7.576097340623111,1950,706.0,156
2006,2006,270.0,7.259116128097101,7.523481312573497,2748,850.0,212
2005,2006,468.0,6.9874902470009905,7.390798521735676,2790,1150.0,30
2005,2005,368.0,7.1308988302963465,7.254884810077338,2331,1003.0,192
2007,2007,108.0,3.713572066704308,6.855408798609928,2088,656.0,100
2004,2004,126.0,6.75343791859778,7.046647277848756,2332,756.0,224
2003,2003,680.0,7.722234744709607,7.8383433155571165,2470,789.0,154
2003,2004,504.0,7.047517221357296,7.38025578842646,1575,732.0,216
2001,2002,1110.0,6.98100574072173,7.299797366758161,2649,746.0,0
2003,2003,221.0,0.0,7.476472381163905,2690,795.0,268
2008,2008,492.0,5.921578419643816,7.527793987721444,1866,870.0,0
2005,2005,144.0,3.044522437723423,7.221105098182496,1367,484.0,0
2007,2008,714.0,7.094234845924755,7.496097345175956,1800,944.0,210
2006,2007,176.0,6.741700694652055,7.202661196523238,1342,550.0,0
2006,2007,196.0,3.2188758248682006,7.202661196523238,1342,550.0,0
2003,2004,106.0,0.0,6.639875833826536,1626,474.0,0
2003,2003,143.0,6.97914527506881,7.255591274253665,1455,644.0,156
2004,2004,24.0,6.992096427415888,7.2399325913204695,1576,668.0,143
2007,2008,20.0,0.0,7.044905117129371,1246,428.0,100
2004,2004,0.0,0.0,6.672032945461067,1515,393.0,0
2002,2003,0.0,0.0,6.734591659972948,1720,400.0,138
2003,2003,196.0,0.0,6.742880635791903,1986,434.0,120
2007,2008,176.0,6.776506992372183,7.208600337960199,1358,484.0,192
2000,2001,647.0,6.300785794663244,6.890609120147166,1892,431.0,108
2002,2002,0.0,0.0,6.56244409369372,1414,403.0,100
1999,2000,0.0,6.769641976852503,6.945051063725834,2322,400.0,144
1999,1999,0.0,0.0,6.723832440821209,1651,450.0,0
1997,1997,1290.0,0.0,7.068172000388042,2199,516.0,0
2000,2000,295.0,0.0,7.326465613840322,2172,687.0,162
1998,1998,495.0,7.415175109613295,7.592366128519796,2006,938.0,144
1996,1997,0.0,6.747586526829315,6.970730078143525,2125,576.0,168
1995,1995,466.0,0.0,7.1252830915107115,2501,751.0,192
1993,1994,320.0,5.43372200355424,6.985641817639208,2197,783.0,385
2006,2006,128.0,7.00033446027523,7.364547014255642,1578,642.0,0
2007,2007,156.0,0.0,7.201916317531627,1861,851.0,144
2007,2008,310.0,6.593044534142437,6.862757913051401,1874,880.0,168
2006,2007,0.0,6.502790045915623,7.2868764117507,1460,480.0,0
2007,2008,0.0,3.2188758248682006,7.218176838403408,1372,588.0,192
2007,2007,292.0,0.0,7.415175109613295,1660,660.0,133
2007,2008,210.0,6.805722553416985,7.105786129481271,1218,462.0,168
2003,2003,0.0,4.394449154672439,6.728628613084702,1696,542.0,143
2003,2004,95.0,0.0,6.728628613084702,1663,478.0,168
2005,2006,126.0,4.394449154672439,7.069874128458572,1175,0.0,0
2007,2007,0.0,0.0,7.0587581525186645,1162,483.0,0
1995,1995,38.0,5.8944028342648505,6.626717749249025,1609,525.0,0
1993,1994,120.0,6.401917196727186,6.787844982309579,1680,474.0,144
1994,1995,145.0,6.2878585601617845,6.725033642166843,1657,483.0,144
2001,2001,0.0,6.159095388491933,6.71901315438526,1677,627.0,0
1992,1992,0.0,5.986452005284438,6.729824070489475,1737,506.0,192
1963,1963,0.0,3.9889840465642745,6.892641641172089,984,384.0,145
1961,2007,0.0,6.639875833826536,6.762729506931879,864,420.0,132
1968,1968,0.0,6.792344427470809,6.792344427470809,890,308.0,0
1963,1963,0.0,6.194405391104672,6.762729506931879,864,276.0,0
1974,1974,144.0,6.68586094706836,7.266128779556451,1430,484.0,117
1972,1972,0.0,5.25227342804663,6.90975328164481,1641,490.0,0
1990,1991,304.0,6.558197802812269,6.836259277277067,2683,473.0,237
1993,1994,568.0,6.255750041753367,7.522400231387125,2786,636.0,294
2004,2005,0.0,3.2188758248682006,7.119635638017636,1245,495.0,0
2005,2005,0.0,5.968707559985366,6.398594934535208,1200,480.0,0
2007,2007,0.0,0.0,6.536691597591305,1392,540.0,0
1999,1999,216.0,6.311734809152915,6.61338421837956,1549,440.0,0
2000,2000,260.0,6.93537044601511,7.387090235656757,1638,495.0,230
2001,2001,179.0,6.912742820493176,7.1785454837637,1310,545.0,277
2001,2001,0.0,6.872128101338986,7.258412150595307,1419,588.0,155
1999,2000,260.0,7.040536390215956,7.351158226430694,1557,484.0,124
1999,2000,216.0,6.398594934535208,6.511745329644728,1404,462.0,20
2001,2001,513.0,6.525029657843462,6.755768921984255,1789,546.0,0
1999,1999,466.0,6.418364935936212,6.8679744089702925,1586,480.0,169
1999,2000,456.0,6.70196036600254,6.8679744089702925,1607,480.0,169
1998,1999,0.0,4.859812404361672,6.878326468291325,2393,846.0,0
1995,1995,0.0,6.329720905522696,7.115582126184454,1239,477.0,172
1977,1977,1050.0,6.018593214496234,6.902742737158593,2944,864.0,140
1976,2007,0.0,6.951772164398911,7.2633296174768365,1671,550.0,280
2002,2002,0.0,0.0,6.859614903654202,1812,469.0,144
1969,1969,0.0,6.720220155135295,7.2640301428995295,1427,516.0,0
1968,1968,0.0,5.71042701737487,7.462214939768189,1740,512.0,25
1967,1967,0.0,6.403574197934815,7.390798521735676,1620,578.0,0
1965,1965,0.0,0.0,7.3938782901077555,1625,484.0,0
1968,1968,0.0,6.597145701886651,6.597145701886651,1464,470.0,0
1965,2005,0.0,5.564520407322694,6.816735880594968,925,576.0,233
1965,1965,0.0,0.0,7.455298485683291,1728,576.0,0
1971,1971,0.0,6.369900982828227,6.716594773520978,1670,464.0,0
1956,1956,0.0,0.0,0.0,1014,267.0,0
1961,1961,0.0,0.0,7.016609683894219,1114,451.0,0
1960,2000,0.0,6.270988431858299,7.020190708311925,1118,264.0,290
1937,1950,0.0,4.795790545596741,5.855071922202427,906,231.0,0
1960,1960,203.0,6.490723534502507,7.167809184316444,1496,450.0,0
1950,2006,0.0,3.4965075614664802,6.35088571671474,1337,264.0,0
1953,1953,88.0,6.2766434893416445,6.9440872082295275,1036,312.0,120
1966,1999,410.0,6.3561076606958915,7.007600613951853,1988,480.0,0
1957,1957,143.0,6.432940092739179,7.0707241072602764,1176,292.0,0
1959,1998,0.0,6.960347729101308,7.130098510125578,1440,480.0,150
1958,1958,187.0,6.8658910748834385,7.241366283322318,1570,441.0,490
1956,1958,0.0,6.652863029353347,7.007600613951853,1104,384.0,0
1952,1952,52.0,5.003946305945459,6.580639137284949,882,240.0,0
1953,1953,84.0,6.2166061010848646,7.050122520269059,1152,636.0,0
1953,1953,0.0,6.437751649736401,6.892641641172089,950,400.0,0
1957,1957,360.0,0.0,6.906754778648554,1790,540.0,0
1957,1982,0.0,0.0,0.0,1764,301.0,0
1957,1957,0.0,0.0,7.509335266016592,1824,484.0,0
1948,1950,0.0,0.0,0.0,869,390.0,0
1925,1950,0.0,0.0,6.617402977974478,1159,288.0,84
1940,2005,0.0,0.0,6.511745329644728,672,308.0,88
1922,1950,0.0,0.0,6.794586580876499,1436,1488.0,0
1968,1968,0.0,6.61338421837956,6.816735880594968,1044,372.0,200
1958,2001,125.0,6.45833828334479,7.180069874302796,1312,495.0,0
1960,1993,276.0,6.548219102762372,6.9865664594064265,1081,401.0,36
1951,1951,0.0,6.07073772800249,6.776506992372183,876,576.0,0
1959,1959,0.0,6.1675164908883415,7.136483208590247,1256,311.0,0
1962,1962,0.0,6.255750041753367,6.93537044601511,1027,299.0,0
1948,1950,0.0,5.755742213586912,6.645090969505644,1320,576.0,108
1954,1954,0.0,0.0,6.842683282238422,984,280.0,0
1954,1954,0.0,6.513230110912307,6.75110146893676,1278,240.0,0
1961,1961,0.0,0.0,7.496097345175956,1800,0.0,0
1955,1967,0.0,5.916202062607435,6.645090969505644,1588,480.0,0
1954,1954,0.0,0.0,6.716594773520978,825,350.0,0
1963,1963,0.0,0.0,7.0192966537150445,1117,264.0,0
2008,2008,0.0,4.574710978503383,5.262690188904886,1133,308.0,0
1948,2005,0.0,0.0,6.660575149839686,1323,400.0,0
1910,2003,0.0,0.0,6.523562306149512,1360,330.0,192
1940,1950,0.0,0.0,6.511745329644728,672,256.0,0
1915,2005,0.0,0.0,6.591673732008658,1456,308.0,0
1910,1996,0.0,0.0,6.720220155135295,1594,0.0,0
1940,1985,0.0,0.0,6.687108607866515,1656,440.0,187
1920,1950,0.0,5.8888779583328805,6.842683282238422,1740,225.0,0
1920,2006,0.0,0.0,6.837332814685591,1027,0.0,0
1940,1950,0.0,6.3818160174060985,6.785587645007929,1436,828.0,0
1910,1950,0.0,0.0,6.1779441140506,899,200.0,0
1890,1996,0.0,0.0,6.529418838262226,1080,0.0,0
1946,1950,0.0,6.100318952020064,6.807934943699926,1499,869.0,0
1946,1950,0.0,0.0,6.0112671744041615,407,297.0,76
1949,1992,0.0,0.0,6.1070228877422545,1588,0.0,0
1900,2006,0.0,0.0,6.682108597449809,1627,420.0,192
1920,1965,0.0,4.762173934797756,6.437751649736401,1450,288.0,0
1900,2003,0.0,0.0,5.849324779946859,1017,308.0,0
1920,1960,0.0,5.459585514144159,6.881411303642535,2350,393.0,0
1905,2005,0.0,0.0,6.35088571671474,1540,0.0,240
1920,1950,0.0,0.0,6.584791392385716,1086,400.0,0
1890,1999,0.0,0.0,7.1808311990445555,2495,342.0,0
1959,1959,164.0,5.303304908059076,6.892641641172089,984,308.0,0
1958,2006,0.0,0.0,6.76849321164863,1093,308.0,0
1928,1983,0.0,6.008813185442595,6.9167150203536085,1143,288.0,265
1945,1950,0.0,0.0,6.511745329644728,1668,252.0,210
1935,1950,0.0,5.170483995038151,6.932447891572509,1738,240.0,0
1941,2006,0.0,6.398594934535208,6.511745329644728,1210,240.0,0
1900,2000,0.0,0.0,6.318968113746434,1290,200.0,38
1940,1989,0.0,6.257667587882639,6.889591308354466,1672,240.0,0
1924,2003,0.0,0.0,6.856461984594587,949,370.0,0
1937,2000,0.0,5.308267697401205,6.716594773520978,1497,672.0,272
1939,1950,0.0,5.579729825986222,6.606650186198215,1342,240.0,0
1926,1950,0.0,0.0,6.900730664045173,1013,160.0,0
1920,1997,0.0,4.23410650459726,6.338594078203183,1216,355.0,0
1946,1950,0.0,0.0,0.0,896,280.0,0
1929,1950,0.0,4.394449154672439,6.558197802812269,1136,336.0,0
1945,1995,0.0,0.0,0.0,808,164.0,0
1939,1950,0.0,5.707110264748875,6.897704943128636,2009,400.0,0
1923,1950,0.0,5.318119993844216,7.00397413672268,1902,576.0,0
1915,2004,0.0,0.0,6.698268054115413,1716,672.0,0
1910,1983,0.0,5.2832037287379885,7.1252830915107115,1984,360.0,64
1910,1950,0.0,0.0,6.680854678790215,1609,228.0,0
1930,1950,0.0,0.0,6.645090969505644,768,440.0,0
1952,1952,0.0,5.921578419643816,6.645090969505644,1536,308.0,0
1938,1958,0.0,0.0,7.149131598557407,1969,400.0,0
1915,1978,0.0,0.0,6.78105762593618,1308,400.0,0
1925,1992,0.0,0.0,6.947937068614969,1040,320.0,0
1925,1950,0.0,4.804021044733257,6.645090969505644,1236,384.0,0
1912,1991,0.0,0.0,6.113682179832232,759,576.0,40
1915,1950,0.0,0.0,6.285998094508865,1344,0.0,42
1947,1993,0.0,0.0,6.953684210870537,1054,240.0,0
1963,1963,0.0,6.665683717782408,6.889591308354466,1075,440.0,64
1978,1978,39.0,6.270988431858299,6.9167150203536085,1096,484.0,168
1967,2005,0.0,6.63200177739563,6.900730664045173,992,294.0,204
1978,1978,40.0,6.111467339502679,6.111467339502679,1034,504.0,311
1967,1967,340.0,5.402677381872279,6.97914527506881,1073,270.0,0
1984,1984,0.0,4.653960350157523,6.966967138613983,1126,506.0,178
1920,1950,0.0,7.170888478512505,7.170888478512505,1140,400.0,0
1963,2003,0.0,6.453624998892692,6.8679744089702925,960,300.0,168
1956,1956,0.0,6.655440350367647,6.8966943316227125,1188,621.0,102
1960,1960,275.0,6.8966943316227125,6.8966943316227125,1721,626.0,50
1941,1973,0.0,5.820082930352362,6.3578422665081,1350,627.0,0
1970,1970,0.0,6.558197802812269,6.762729506931879,904,912.0,143
1979,1979,0.0,6.396929655216146,7.329749689041512,1524,478.0,140
1948,1950,0.0,0.0,6.3473892096560105,1079,249.0,135
1940,2007,0.0,6.943122422819428,7.365812837209472,1518,0.0,0
1956,1956,0.0,6.769641976852503,7.31986492980897,1509,322.0,158
1975,1975,0.0,6.762729506931879,6.762729506931879,864,0.0,0
1962,2001,216.0,5.783825182329737,6.432940092739179,1269,280.0,0
1995,2002,190.0,6.659293919683638,6.982862751468942,2814,614.0,48
1994,1994,251.0,7.148345743900068,7.3796321526095525,1626,534.0,424
1993,1994,0.0,5.87493073085203,6.70073110954781,2200,453.0,168
1996,1996,0.0,0.0,6.511745329644728,2037,472.0,100
2007,2007,0.0,0.0,6.444131256700441,1356,484.0,100
2007,2007,156.0,0.0,7.38770923908104,1615,864.0,168
2008,2008,554.0,7.643003635560718,7.7284157798410416,2276,1348.0,0
2008,2008,402.0,7.050989447068045,7.468513271496337,1766,874.0,216
1995,1995,302.0,6.647688373563329,7.2456550675945355,1511,811.0,168
1966,1966,0.0,5.572154032177765,7.075808863978387,1643,438.0,339
1994,1994,0.0,6.583409222158765,6.898714534329988,990,528.0,168
1997,1998,150.0,7.1770187659099,7.257707677160043,1418,558.0,208
1997,1997,128.0,6.535241271013659,6.762729506931879,1771,600.0,0
2000,2000,120.0,6.269096283706261,6.663132695990803,1652,532.0,0
2000,2001,0.0,6.498282149476434,6.834108738813838,1823,626.0,192
1978,1978,180.0,6.661854740545311,6.762729506931879,1174,528.0,211
1975,1975,176.0,5.68697535633982,6.981934677156389,1076,576.0,0
1975,2001,0.0,4.48863636973214,6.762729506931879,1558,440.0,140
2001,2001,227.0,0.0,7.1372784372603855,2161,570.0,0
2001,2002,134.0,7.085901464365611,7.213768308118642,1947,725.0,168
2002,2003,240.0,7.338888133838879,7.483806687665835,1786,715.0,182
2003,2003,0.0,0.0,7.029972911706386,2327,596.0,0
1999,2000,192.0,0.0,6.7464121285733745,1764,560.0,120
2004,2004,205.0,6.4967749901858625,6.744059186311348,848,420.0,140
1997,1998,0.0,7.374001859350161,7.516977224604321,1838,721.0,160
2004,2004,50.0,3.2188758248682006,7.27655640271871,1445,470.0,0
2007,2007,212.0,4.04305126783455,7.355641102974253,1564,814.0,0
2007,2007,0.0,3.2188758248682006,7.20934025660291,1361,610.0,0
1966,1966,0.0,6.413458957167357,6.996681488176539,1092,264.0,259
1976,1976,222.0,6.124683390894205,6.124683390894205,1033,504.0,224
1976,1976,84.0,6.9411900550683745,7.028201432058005,1127,480.0,0
1977,1977,0.0,5.910796644040527,6.937314081223682,1117,542.0,292
1976,2001,0.0,5.666426688112432,6.529418838262226,1398,440.0,0
1959,1996,0.0,0.0,0.0,3820,624.0,0
1955,1955,0.0,0.0,0.0,1152,0.0,0
1955,1955,58.0,0.0,0.0,1152,0.0,0
1955,1955,0.0,6.665683717782408,6.665683717782408,784,0.0,112
1938,2007,0.0,0.0,6.373319789577012,1053,0.0,42
1947,1993,0.0,0.0,0.0,1137,0.0,0
1953,1953,115.0,6.643789733147672,6.815639990074331,930,286.0,134
1954,1954,0.0,0.0,6.0330862217988015,1204,312.0,0
1923,2008,0.0,5.41610040220442,6.856461984594587,1292,205.0,0
1921,1950,174.0,0.0,7.113956109566034,1424,312.0,0
1930,1950,0.0,5.641907070938114,6.8679744089702925,1920,480.0,248
1926,1950,0.0,5.940171252720432,6.4692503167957724,1316,369.0,0
1914,1995,0.0,0.0,6.517671272912275,1264,400.0,424
1925,1997,0.0,6.008813185442595,6.683360945766275,1512,180.0,85
1923,1950,0.0,0.0,6.665683717782408,1603,599.0,0
1937,1995,0.0,6.408528791059498,6.849066282633458,1938,240.0,0
1938,1950,0.0,0.0,6.785587645007929,1374,225.0,64
1951,1951,88.0,6.2166061010848646,6.9957661563048505,1091,344.0,66
1935,1950,40.0,5.351858133476067,6.411818267709897,1873,786.0,0
1950,2000,0.0,6.077642243349034,6.725033642166843,2161,506.0,0
1956,1956,0.0,7.018401799069201,7.549082710812286,1898,484.0,0
1980,1980,0.0,5.905361848054571,6.248042874508429,1032,462.0,213
1926,1998,0.0,5.703782474656201,6.796823718274855,919,195.0,0
1940,2006,0.0,0.0,6.580639137284949,1090,240.0,0
1930,1950,0.0,0.0,6.660575149839686,1200,0.0,0
1967,1967,0.0,5.552959584921617,6.437751649736401,1656,288.0,0
1930,1995,0.0,0.0,6.255750041753367,912,360.0,0
1958,1958,162.0,5.802118375377063,7.049254841255837,1955,356.0,0
1952,1952,0.0,0.0,0.0,733,487.0,0
1895,1950,0.0,0.0,5.159055299214529,1361,185.0,0
1910,2000,0.0,0.0,5.877735781779639,1049,195.0,0
1920,1950,0.0,0.0,6.385194398997726,864,216.0,0
2007,2008,186.0,7.29776828253138,7.3758821482150125,1648,525.0,162
2004,2005,174.0,7.29641326877392,7.374629015218945,1646,482.0,128
1996,1997,668.0,6.55250788703459,7.518064181233078,2032,786.0,0
1996,1997,0.0,0.0,6.814542897259958,1820,816.0,318
1976,1976,0.0,0.0,0.0,1872,484.0,0
1991,1991,0.0,7.232733136177615,7.427144133408616,1689,432.0,428
1986,1986,340.0,6.795705775173514,7.15305163493748,1501,512.0,240
2006,2007,258.0,6.9440872082295275,7.325807502595773,1537,788.0,0
2007,2007,0.0,6.647688373563329,6.825460036255307,1780,612.0,0
2006,2007,0.0,0.0,5.8664680569332965,1442,400.0,100
2008,2008,60.0,0.0,6.680854678790215,1612,666.0,0
1989,1989,128.0,0.0,7.310550158534422,1495,438.0,252
1986,1986,228.0,6.825460036255307,7.136483208590247,1256,578.0,282
2003,2003,206.0,6.937314081223682,7.267525427828172,1440,467.0,185
1999,2000,0.0,7.1098794630722715,7.418780882750794,1675,435.0,165
2007,2007,0.0,6.919683849847411,7.541683099882111,1728,520.0,0
2005,2006,674.0,7.360103972989152,7.583247524303362,1964,892.0,0
1997,1998,200.0,7.177782416195197,7.20414929203594,1344,784.0,0
2007,2008,0.0,0.0,6.996681488176539,1092,0.0,0
1997,1997,197.0,6.762729506931879,7.081708586105575,1189,392.0,0
1964,1964,98.0,6.763884908562435,7.0909098220799835,1200,850.0,0
1975,1975,0.0,6.646390514847729,6.947937068614969,1040,499.0,0
1976,1976,0.0,5.765191102784844,6.311734809152915,1475,336.0,92
1973,2006,0.0,6.218600119691729,6.267200548541362,988,297.0,120
1973,1973,0.0,6.082218910376446,6.137727054086234,988,297.0,0
1968,1968,0.0,6.666956792429207,7.01571242048723,1160,257.0,81
1970,2007,0.0,5.883322388488279,6.304448802421981,1092,0.0,187
1983,1983,0.0,6.282266746896006,6.705639094860003,816,264.0,315
1982,2005,0.0,6.459904454377535,6.740519359606223,845,264.0,0
1984,1984,0.0,6.473890696352274,6.762729506931879,889,484.0,0
1900,1950,0.0,0.0,6.532334292222349,1836,288.0,0
1971,1971,302.0,6.732210706467206,7.370230641807081,1587,525.0,0
1997,1997,0.0,0.0,5.953243334287785,1384,390.0,0
1994,1994,32.0,5.231108616854587,5.973809611869261,1694,398.0,256
1999,2000,0.0,6.77078942390898,6.828712071641684,1714,451.0,256
1996,1996,0.0,6.028278520230698,6.539585955617669,1553,420.0,0
1999,2003,0.0,0.0,6.844815479208263,2299,482.0,188
1992,1993,52.0,0.0,7.063903961472068,1187,420.0,0
1993,1994,0.0,0.0,6.806829360392176,1642,392.0,290
1964,1964,138.0,6.311734809152915,7.172424577124845,1128,480.0,0
1988,1988,0.0,5.517452896464707,7.062191632286556,1179,480.0,0
1990,1990,0.0,6.831953565565855,7.180069874302796,1321,484.0,0
2005,2005,146.0,6.894670039433482,7.047517221357296,2541,729.0,120
2006,2007,710.0,7.004881989712859,7.886457270977689,2338,1110.0,0
1969,1990,0.0,6.954638864880987,7.00397413672268,1424,828.0,144
2006,2006,165.0,6.682108597449809,7.385851078125209,1612,556.0,0
2006,2006,945.0,7.351799869057777,7.7057128238944275,2234,724.0,390
2006,2007,250.0,7.050122520269059,7.463363045520021,2042,724.0,240
1984,1984,0.0,5.54907608489522,7.158513997329321,1284,480.0,0
1981,2003,306.0,5.7745515455444085,6.587550014824796,1479,484.0,167
1978,1985,67.0,7.192182058713246,7.333023014386481,1664,663.0,0
1979,1979,549.0,6.63200177739563,6.660575149839686,1930,481.0,192
1984,1984,98.0,6.661854740545311,7.050989447068045,1177,495.0,204
1979,1999,253.0,6.806829360392176,7.138866999945524,1353,478.0,240
1971,1971,176.0,6.20050917404269,7.3938782901077555,1220,944.0,0
1976,1976,130.0,6.437751649736401,7.113956109566034,1324,585.0,407
1974,1974,0.0,6.837332814685591,6.98933526597456,1877,488.0,0
1970,1990,0.0,6.340359303727752,6.8308742346461795,1422,576.0,252
1970,2002,32.0,4.406719247264253,6.818924065275521,914,368.0,120
1961,1961,0.0,5.752572638825633,6.818924065275521,914,270.0,140
2001,2001,0.0,0.0,7.198931240688173,1337,511.0,136
1997,1998,0.0,6.836259277277067,7.2485040723706105,1337,522.0,0
1973,1973,567.0,5.746203190540153,6.26530121273771,1092,264.0,144
1973,1973,265.0,0.0,6.511745329644728,1218,264.0,0
1978,1978,0.0,6.450470422144176,6.967909201801884,1055,319.0,108
1966,1966,52.0,6.587550014824796,6.8966943316227125,988,360.0,0
2006,2007,378.0,7.049254841255837,7.490529402060711,1816,730.0,186
2006,2007,302.0,0.0,7.43543801981455,1694,856.0,0
2007,2007,0.0,7.325807502595773,7.653969180478774,2122,938.0,130
2007,2007,456.0,7.173958319756794,7.5678626054638825,2656,1040.0,268
2006,2007,190.0,0.0,7.011213987350367,2550,670.0,120
2005,2006,400.0,7.266128779556451,7.598399329323964,2046,878.0,188
2007,2007,456.0,7.502738210754851,7.845024417241484,2552,932.0,130
2005,2006,365.0,0.0,7.4413203897176174,2758,814.0,282
2007,2007,970.0,7.429520842786462,7.749753406274437,2290,1174.0,192
2007,2008,0.0,0.0,7.367077059881012,2152,728.0,0
2007,2007,120.0,6.658011045870748,6.823286122355687,2100,786.0,172
2006,2006,510.0,0.0,7.497207223203318,1802,843.0,158
2004,2004,502.0,0.0,7.442492722794441,2956,916.0,194
2003,2003,280.0,6.844815479208263,7.183870715062453,2385,818.0,192
2007,2007,246.0,6.507277712385012,6.79794041297493,1818,774.0,196
2005,2006,210.0,7.072421900537371,7.387090235656757,1614,878.0,100
2005,2005,210.0,4.787491742782046,7.451241684987676,1721,554.0,168
2006,2007,0.0,0.0,7.1693500166706,1828,876.0,0
2005,2006,182.0,6.7650389767805414,7.172424577124845,1302,631.0,110
2005,2006,182.0,6.93828448401696,7.172424577124845,1302,631.0,110
2005,2006,256.0,6.637258031284457,7.217443431696533,1362,460.0,192
2006,2006,108.0,3.2188758248682006,7.349230824613334,1554,627.0,156
2005,2005,394.0,6.744059186311348,7.363913501405819,1577,564.0,203
2006,2006,176.0,3.2188758248682006,7.1891677384203225,1324,550.0,0
2003,2003,235.0,6.90875477931522,7.2485040723706105,1405,478.0,136
2007,2007,0.0,0.0,6.645090969505644,1496,572.0,100
2005,2006,0.0,0.0,6.645090969505644,1536,400.0,100
2006,2007,44.0,0.0,6.411818267709897,1458,454.0,100
2006,2006,0.0,0.0,6.6052979209482015,1495,440.0,100
2006,2007,0.0,0.0,6.54965074223381,1746,350.0,0
2005,2005,0.0,6.823286122355687,7.190676034332207,1326,388.0,120
2007,2007,22.0,0.0,6.6240652277998935,1504,440.0,100
2007,2007,16.0,0.0,6.591673732008658,1456,400.0,100
2007,2007,0.0,0.0,7.1284959456800365,1258,462.0,0
2003,2003,72.0,6.98933526597456,7.249215057114389,1589,630.0,143
2007,2007,16.0,0.0,7.144407180321139,1266,388.0,100
2004,2005,0.0,6.659293919683638,6.728628613084702,1119,437.0,100
2004,2004,0.0,5.262690188904886,5.953243334287785,1374,400.0,100
2006,2006,0.0,0.0,7.32052696227274,1525,534.0,100
2003,2003,0.0,0.0,5.953243334287785,1394,400.0,100
2003,2003,16.0,0.0,6.742880635791903,1948,434.0,0
2002,2002,0.0,6.354370040797351,6.75110146893676,1995,435.0,264
2000,2000,0.0,6.255750041753367,6.82001636467413,1690,442.0,0
1999,2000,0.0,0.0,6.848005274576363,1644,460.0,460
1997,1998,515.0,7.074963197966044,7.484368643286131,2551,925.0,76
1998,1998,422.0,6.511745329644728,7.25063551189868,3078,806.0,108
1998,1999,0.0,6.955592608396297,7.237059026124737,2582,758.0,286
1998,1998,275.0,0.0,6.9726062513017535,2385,600.0,120
1992,1993,309.0,5.817111159963204,7.00850518208228,2202,517.0,0
1996,1997,526.0,7.111512116496157,7.189922170745808,2538,933.0,198
2007,2007,0.0,0.0,7.222566018822171,1369,605.0,0
2007,2007,164.0,7.107425474110705,7.341483852363161,1542,852.0,168
2006,2006,248.0,3.367295829986474,7.329749689041512,1534,484.0,168
2007,2007,754.0,7.360739903058278,7.584264818389059,1966,1092.0,76
2007,2007,0.0,0.0,7.332369205929062,1528,480.0,0
2005,2005,148.0,6.646390514847729,7.338888133838879,1538,484.0,146
2005,2006,143.0,6.658011045870748,7.3098814858247865,1506,672.0,192
2006,2006,0.0,0.0,6.890609120147166,1977,574.0,240
2006,2006,0.0,0.0,7.172424577124845,1830,859.0,0
2007,2007,0.0,3.2188758248682006,7.199678345691172,1338,598.0,0
2006,2007,0.0,0.0,7.197435354096591,1335,575.0,0
2007,2007,0.0,5.860786223465865,6.799055862058796,1792,590.0,184
2007,2007,0.0,0.0,6.587550014824796,1588,561.0,0
2007,2007,0.0,6.61472560020376,6.862757913051401,1880,880.0,168
2007,2007,0.0,0.0,7.362010551259734,1584,594.0,0
2006,2006,298.0,0.0,7.430114138561801,1685,658.0,112
2004,2004,353.0,0.0,7.055312843339752,2443,744.0,193
2006,2007,0.0,0.0,7.00397413672268,1100,0.0,0
2006,2006,0.0,0.0,7.042286171939743,1143,0.0,0
2003,2004,126.0,6.593044534142437,6.9985096422506015,1094,576.0,0
2006,2006,170.0,0.0,7.2875606403097235,1486,566.0,0
1993,1997,0.0,6.175867270105761,6.762729506931879,1820,492.0,144
1980,1980,0.0,0.0,6.447305862541213,1266,283.0,340
1977,1977,0.0,4.9344739331306915,6.796823718274855,894,308.0,192
1968,1968,0.0,6.70073110954781,6.947937068614969,1040,686.0,188
1990,1990,272.0,6.590301048196686,7.1098794630722715,2503,564.0,0
1974,1974,44.0,6.669498089857879,6.945051063725834,1037,431.0,136
1973,2006,0.0,6.876264611890766,6.951772164398911,1055,542.0,455
2004,2004,0.0,6.747586526829315,7.229113877793302,1378,540.0,160
2006,2007,30.0,4.110873864173311,7.040536390215956,1151,484.0,0
2006,2007,36.0,4.110873864173311,7.321188556739478,1565,476.0,0
2006,2007,0.0,6.843749949006225,7.210079628170788,1352,466.0,0
2006,2007,0.0,0.0,7.346655163176539,1550,528.0,0
1999,1999,342.0,6.338594078203183,6.61338421837956,1501,440.0,0
2000,2000,216.0,6.035481432524756,6.6293632534374485,1573,440.0,0
1999,2000,0.0,0.0,7.200424892944957,1358,625.0,176
2003,2004,0.0,6.872128101338986,6.961296045910167,2048,552.0,0
1998,1998,0.0,6.804614520062624,7.107425474110705,2362,1105.0,147
1994,1995,0.0,6.126869184114185,7.3098814858247865,1494,478.0,0
1980,1980,600.0,7.457609289715606,7.602401335665818,2362,546.0,180
1981,1981,0.0,7.398174092970465,7.808729306744399,2497,676.0,266
1968,1968,41.0,0.0,6.816735880594968,1152,412.0,0
1970,1970,525.0,6.82001636467413,6.9167150203536085,2411,570.0,0
1969,1969,0.0,6.881411303642535,6.881411303642535,1082,480.0,160
1968,1968,196.0,6.814542897259958,7.16703787691222,1295,528.0,0
1972,1987,0.0,5.849324779946859,7.025538314638521,1610,515.0,202
1993,1993,112.0,0.0,7.374629015218945,1594,472.0,190
1993,1993,194.0,6.709304340258298,7.046647277848756,2075,473.0,235
1966,1966,0.0,6.675823221634848,6.9975959829819265,1093,484.0,224
1963,1963,203.0,6.42648845745769,6.959398512133975,1052,311.0,0
1967,1993,0.0,6.163314804034641,6.856461984594587,1107,308.0,88
1964,1964,0.0,0.0,0.0,1224,530.0,0
1956,1956,0.0,6.0844994130751715,6.796823718274855,1074,396.0,0
1961,1961,0.0,5.7430031878094825,6.762729506931879,1187,440.0,128
1961,1961,56.0,6.55250788703459,6.872128101338986,964,784.0,170
1960,1960,0.0,0.0,6.796823718274855,894,312.0,0
1966,1966,202.0,6.484635235635252,7.069023426578259,1200,440.0,0
1965,1965,98.0,6.20455776256869,6.949856455000773,1042,440.0,192
1964,1997,306.0,6.028278520230698,6.740519359606223,2154,539.0,0
1964,1964,212.0,4.007333185232471,7.030857476116121,1374,286.0,0
1959,1991,136.0,7.234898420314831,7.373374309910049,1652,510.0,0
1940,1996,0.0,4.875197323201151,6.71295620067707,908,512.0,284
1946,1950,0.0,5.703782474656201,6.502790045915623,666,0.0,0
1945,1950,0.0,4.976733742420574,5.916202062607435,670,0.0,0
1958,2000,0.0,5.017279836814924,6.695798917058491,808,308.0,143
1955,1955,176.0,5.910796644040527,6.983789965258135,1150,288.0,0
1968,1968,0.0,0.0,7.353081920515432,1560,792.0,0
1966,1966,87.0,6.401917196727186,6.677083461247136,1280,432.0,140
1961,1961,291.0,6.398594934535208,7.105786129481271,1254,525.0,0
1957,1999,0.0,6.773080375655535,6.842683282238422,936,315.0,0
1956,1956,54.0,6.812345094177479,6.9167150203536085,1008,308.0,0
1963,1963,0.0,5.666426688112432,6.960347729101308,1053,692.0,240
1960,1960,69.0,0.0,7.0431599159883405,1144,336.0,0
1957,1969,289.0,6.505784060128229,7.194436851100335,1721,464.0,0
1957,1957,0.0,6.240275845170769,6.827629234502852,922,308.0,0
1955,1975,0.0,6.660575149839686,7.094234845924755,1411,310.0,278
1955,1955,0.0,5.666426688112432,7.104144092987527,1216,336.0,0
1953,2006,0.0,6.013715156042802,6.762729506931879,1154,336.0,63
1958,1958,260.0,0.0,7.353081920515432,1560,484.0,0
1952,1952,0.0,6.091309882077698,6.855408798609928,948,410.0,0
1953,1953,0.0,4.454347296253507,6.947937068614969,1040,293.0,0
1956,2003,0.0,4.74493212836325,6.8308742346461795,925,252.0,152
1955,1955,0.0,5.017279836814924,7.0825485693553,1540,352.0,0
1955,1955,0.0,6.677083461247136,6.828712071641684,925,390.0,81
1953,1953,0.0,6.39024066706535,7.00850518208228,1647,280.0,225
1952,1952,0.0,5.680172609017068,6.829793737512425,924,420.0,0
1890,2006,0.0,0.0,6.8308742346461795,1544,0.0,231
1953,2004,0.0,5.293304824724492,7.104144092987527,1728,371.0,200
1935,2007,0.0,0.0,6.502790045915623,3086,1200.0,0
1925,1993,0.0,6.93828448401696,7.049254841255837,1281,580.0,0
1895,1999,0.0,0.0,6.602587892189336,1534,0.0,0
1963,1999,364.0,5.493061443340548,6.587550014824796,1651,276.0,460
1961,1961,53.0,5.262690188904886,6.825460036255307,888,240.0,0
1968,1968,86.0,6.859614903654202,6.859614903654202,952,288.0,0
1950,1950,0.0,6.07073772800249,6.762729506931879,1238,357.0,0
1959,2003,0.0,6.354370040797351,6.947937068614969,1040,286.0,0
1958,1958,0.0,6.439350371100098,7.065613363597717,1170,338.0,0
1960,1960,0.0,6.606650186198215,7.1252830915107115,1242,324.0,0
1960,1960,0.0,7.002155954403621,7.228388451573604,1377,351.0,0
1961,1961,0.0,0.0,0.0,925,300.0,0
1962,1962,0.0,4.709530201312334,6.762729506931879,864,294.0,58
1962,1962,0.0,6.5998704992128365,6.799055862058796,936,288.0,24
1926,1980,0.0,0.0,6.7464121285733745,960,576.0,0
1927,1950,0.0,5.6240175061873385,6.740519359606223,1296,576.0,0
1922,1950,0.0,6.663132695990803,6.930494765951626,1022,184.0,0
1920,1990,0.0,0.0,6.875232087276577,967,180.0,0
1940,1950,279.0,0.0,6.695798917058491,1072,379.0,0
1900,2006,0.0,4.875197323201151,6.523562306149512,1174,576.0,116
1900,1950,0.0,4.812184355372417,6.3473892096560105,1141,252.0,0
1900,1950,0.0,0.0,6.98100574072173,1798,342.0,0
1910,1999,0.0,0.0,6.587550014824796,1772,816.0,0
1927,1950,0.0,5.2832037287379885,6.591673732008658,1642,374.0,0
1910,1950,0.0,5.1298987149230735,6.424869023905388,1232,480.0,280
1910,1990,0.0,5.560681631015528,6.831953565565855,1650,468.0,128
1930,2005,0.0,5.75890177387728,6.5337888379333435,1358,336.0,0
1879,1987,0.0,0.0,6.709304340258298,2454,576.0,0
1956,1956,1.0,0.0,0.0,968,331.0,0
1949,2002,0.0,0.0,0.0,1382,384.0,0
1925,1994,0.0,5.762051382780177,6.6293632534374485,1060,308.0,0
1950,1950,0.0,6.814542897259958,6.814542897259958,1435,308.0,0
1939,1998,0.0,5.726847747587197,6.591673732008658,1274,224.0,0
1939,1950,0.0,5.6240175061873385,6.398594934535208,1232,217.0,0
1939,1950,0.0,0.0,6.785587645007929,884,240.0,0
1938,1950,0.0,3.970291913552122,6.759255270663693,1409,528.0,225
1939,1952,0.0,3.8918202981106265,6.511745329644728,1322,280.0,0
1930,1992,0.0,0.0,6.874198495453294,1426,230.0,174
1926,1950,0.0,5.863631175598097,6.6293632534374485,1281,379.0,25
1918,1995,0.0,0.0,7.00397413672268,2264,408.0,0
1920,1950,0.0,0.0,6.645090969505644,1376,576.0,0
1926,1950,0.0,0.0,6.621405651764134,1316,576.0,0
1929,1990,0.0,5.820082930352362,6.511745329644728,1344,456.0,0
1901,1950,0.0,0.0,6.385194398997726,1173,240.0,0
1901,1950,0.0,0.0,6.877296071497429,1214,216.0,0
1963,1963,234.0,5.929589143389895,6.60934924316738,2294,658.0,0
1950,2005,0.0,5.872117789475416,6.884486652042782,1952,299.0,285
1915,1950,0.0,5.929589143389895,7.037905963447182,2180,720.0,0
1958,1958,0.0,6.525029657843462,6.695798917058491,1315,436.0,0
1910,1950,0.0,0.0,6.648984550024776,1484,264.0,14
1937,1980,0.0,5.666426688112432,6.913737350659685,2267,498.0,521
1942,1979,0.0,6.186208623900494,6.511745329644728,1282,240.0,0
1963,1963,0.0,6.8308742346461795,6.8308742346461795,999,308.0,40
1964,1980,30.0,6.666956792429207,7.259116128097101,1452,572.0,92
1964,1964,0.0,6.2422232654551655,6.913737350659685,1005,440.0,0
1964,2001,50.0,4.23410650459726,6.8885724595653635,1020,528.0,0
1966,1966,442.0,5.521460917862246,6.947937068614969,1040,264.0,0
1971,1990,0.0,6.618738983517219,6.645090969505644,868,576.0,138
1968,1968,89.0,5.1298987149230735,6.776506992372183,897,264.0,0
1967,1967,323.0,4.74493212836325,6.8501261661455,943,528.0,132
1966,1966,0.0,5.37989735354046,6.816735880594968,912,315.0,204
1956,1998,0.0,5.958424693029782,7.123672785204607,1375,323.0,0
1920,1996,356.0,5.5909869805108565,6.51025834052315,2654,638.0,128
1940,1998,0.0,5.556828061699537,6.523562306149512,1302,224.0,0
1954,1995,0.0,6.602587892189336,6.875232087276577,1299,494.0,81
1958,1998,340.0,5.25227342804663,7.055312843339752,1176,303.0,0
1945,1950,0.0,0.0,0.0,998,460.0,0
1984,1984,136.0,5.703782474656201,7.0825485693553,1522,552.0,0
1948,2005,0.0,5.707110264748875,6.016157159698354,1325,576.0,0
1953,1953,0.0,6.376726947898627,6.97914527506881,1630,649.0,0
1946,1950,0.0,0.0,6.184148890937483,1242,336.0,0
1954,1994,300.0,5.869296913133774,7.161622002939187,2422,527.0,0
1954,1954,0.0,6.198478716492308,6.8966943316227125,1626,332.0,366
1958,1958,0.0,6.118097198041348,6.762729506931879,864,399.0,0
1958,1994,0.0,0.0,0.0,943,308.0,0
1984,1984,149.0,5.648974238161206,6.946013991099227,1038,264.0,0
1951,1951,0.0,6.324358962381311,7.202661196523238,1342,256.0,0
1951,1994,0.0,6.985641817639208,6.985641817639208,1480,253.0,0
1920,1950,0.0,0.0,6.858565034791365,1362,280.0,0
1984,1984,0.0,0.0,7.00850518208228,1822,515.0,0
1994,2001,0.0,6.210600077024653,6.659293919683638,1958,499.0,202
2007,2007,306.0,0.0,7.404887575616125,1651,870.0,204
2006,2007,0.0,0.0,7.669028288589683,2140,894.0,136
2007,2007,306.0,0.0,7.404887575616125,1651,870.0,192
2005,2006,204.0,3.044522437723423,7.344072850573066,1546,796.0,144
2006,2006,132.0,3.6109179126442243,7.306531398939505,1500,674.0,144
2005,2006,0.0,0.0,7.147559271189454,1270,524.0,0
2005,2006,0.0,0.0,6.779921907472252,1795,578.0,164
1988,1988,360.0,6.411818267709897,6.835184586147301,1873,619.0,108
1976,1976,0.0,3.9512437185814275,6.874198495453294,1743,529.0,646
1994,1994,0.0,6.311734809152915,6.930494765951626,1022,747.0,0
1997,2006,0.0,6.29156913955832,6.455198563340122,1308,497.0,142
1994,1994,0.0,6.042632833682381,6.898714534329988,990,384.0,256
1996,1996,0.0,6.309918278226516,7.001245622069476,1097,242.0,306
1999,1999,0.0,5.8377304471659395,6.8966943316227125,1873,597.0,202
1998,1999,290.0,6.459904454377535,6.74993119378857,1753,534.0,0
2001,2001,0.0,0.0,6.740519359606223,1690,517.0,0
2000,2000,144.0,6.7357800142423265,6.893656354602635,1842,486.0,193
1974,1974,0.0,6.498282149476434,6.762729506931879,894,440.0,0
1976,1976,113.0,6.220590170099739,6.923628628138427,1025,370.0,127
1977,1977,51.0,6.628041376179533,6.903747257584598,1009,576.0,0
1977,1977,0.0,6.29156913955832,6.947937068614969,1040,748.0,0
1977,1977,0.0,4.110873864173311,6.776506992372183,907,308.0,0
1975,1975,0.0,5.802118375377063,6.762729506931879,879,440.0,0
1972,2000,0.0,6.51025834052315,6.762729506931879,864,576.0,155
1972,2006,0.0,5.955837369464831,5.955837369464831,875,728.0,352
2000,2000,0.0,7.253470382684528,7.422971251049421,1673,583.0,306
2003,2003,0.0,6.484635235635252,6.887552571664617,1932,610.0,0
2002,2002,214.0,0.0,6.7580945044277305,1729,542.0,386
1994,1995,519.0,6.013715156042802,7.350516171833998,1592,484.0,120
2001,2001,256.0,7.089243155027514,7.3343293503005365,2439,560.0,184
1996,2002,254.0,6.637258031284457,6.7580945044277305,1992,608.0,225
1999,2000,158.0,6.82001636467413,7.201916317531627,1341,482.0,240
2007,2007,0.0,0.0,6.6052979209482015,1476,552.0,0
2005,2005,0.0,6.565264970035361,7.064759027791802,1190,578.0,100
2006,2007,0.0,0.0,7.193685818395112,1330,437.0,0
2006,2006,0.0,0.0,6.6052979209482015,1491,484.0,100
2005,2005,0.0,0.0,6.645090969505644,1536,400.0,0
1967,1967,162.0,6.842683282238422,6.842683282238422,936,384.0,405
1963,1963,20.0,4.890349128221754,6.9930151229329605,1088,520.0,0
1925,1950,0.0,4.875197323201151,6.804614520062624,1351,576.0,0
1960,1960,198.0,0.0,7.07326971745971,1179,622.0,0
1976,1976,0.0,6.22455842927536,6.8679744089702925,1044,528.0,228
1979,1979,0.0,0.0,0.0,2233,579.0,0
2005,2006,0.0,6.416732282512326,6.5998704992128365,1408,489.0,0
2008,2009,1224.0,8.296795865770052,8.536211197252,5095,1154.0,546
2005,2005,76.0,6.148468295917647,6.306275286948016,1072,525.0,0
1959,2000,0.0,4.356708826689592,6.8679744089702925,960,392.0,144
1955,1955,128.0,0.0,0.0,1152,0.0,0
1946,1950,0.0,0.0,7.086737934510577,1195,0.0,118
1920,1995,0.0,4.976733742420574,6.493753839851686,865,216.0,0
1955,1955,0.0,6.300785794663244,6.645090969505644,768,355.0,0
1955,1955,0.0,6.52649485957079,6.762729506931879,864,528.0,196
1923,1950,0.0,5.918893854273146,7.167809184316444,2592,0.0,0
1926,1950,0.0,5.768320995793772,7.1631723908466425,1422,352.0,0
1921,2005,0.0,4.736198448394496,6.480044561926653,1298,240.0,216
1930,1995,0.0,5.5093883366279774,6.2766434893416445,1098,216.0,0
1921,1950,0.0,0.0,6.373319789577012,1436,228.0,184
1926,1991,0.0,0.0,6.532334292222349,1461,225.0,0
1927,1992,0.0,0.0,6.747586526829315,1718,264.0,291
1951,1951,0.0,0.0,0.0,1226,400.0,174
1930,2003,0.0,5.247024072160486,6.836259277277067,1755,231.0,0
1941,1950,0.0,6.280395838960195,6.591673732008658,1355,528.0,0
1960,1960,423.0,6.293419278846481,7.353081920515432,1560,580.0,0
1968,1968,0.0,6.70196036600254,7.305860032684009,1488,552.0,0
1980,1980,0.0,5.802118375377063,6.248042874508429,1045,462.0,180
1995,1996,0.0,0.0,7.427144133408616,1680,628.0,152
1988,1988,0.0,6.359573868672378,6.912742820493176,1020,509.0,135
1971,1971,652.0,6.075346031088684,7.436617265234227,1696,625.0,0
1986,1986,0.0,0.0,5.634789603169249,2726,691.0,216
1940,1950,0.0,5.929589143389895,6.580639137284949,1215,720.0,0
1925,2003,0.0,0.0,6.842683282238422,1601,0.0,0
1923,1999,0.0,6.3080984415095305,6.756932389247553,1828,0.0,174
1922,1950,0.0,0.0,6.705639094860003,816,100.0,0
1939,1950,0.0,0.0,0.0,845,256.0,48
1895,2006,0.0,0.0,6.86484777797086,1991,0.0,0
1957,1980,0.0,6.875232087276577,6.97914527506881,1073,720.0,0
1930,2007,0.0,6.6039438246004725,6.731018100482083,1001,216.0,154
2006,2007,473.0,7.3613754289773485,7.3613754289773485,1625,495.0,123
1979,1979,0.0,6.90975328164481,6.90975328164481,1299,486.0,84
2002,2002,166.0,6.373319789577012,7.273786317844895,1392,650.0,168
2002,2002,0.0,7.239214973779806,7.251344983372214,1409,576.0,0
1991,1992,0.0,7.122866658599083,7.282761179605593,1478,506.0,114
1975,1975,50.0,5.41610040220442,6.748759547491679,918,360.0,192
1974,1974,0.0,6.829793737512425,6.878326468291325,1026,528.0,193
1987,1987,352.0,6.856461984594587,7.31455283232408,1501,512.0,240
1958,1995,1224.0,0.0,6.373319789577012,2279,461.0,274
2006,2007,0.0,0.0,7.432483807917119,1689,433.0,100
2006,2007,0.0,6.369900982828227,7.344072850573066,1564,502.0,132
1985,1985,0.0,5.375278407684165,7.143617602704121,1240,528.0,232
2001,2001,86.0,5.5254529391317835,7.145196134997171,1312,471.0,256
2002,2002,886.0,7.1929342212158,7.56164174558878,1922,692.0,201
1996,1996,203.0,0.0,7.307872780763706,1491,571.0,0
2003,2004,94.0,6.642486801367256,7.023758954738443,2486,452.0,143
2006,2007,242.0,0.0,7.509335266016592,1824,932.0,160
1953,1953,0.0,0.0,0.0,2034,1041.0,483
1996,1997,134.0,2.833213344056216,6.825460036255307,936,460.0,0
1972,1972,0.0,5.53338948872752,6.304448802421981,1092,253.0,0
1970,1970,0.0,6.222576268071369,6.274762021241939,992,297.0,112
1970,1970,189.0,5.953243334287785,6.304448802421981,1092,0.0,0
1976,1976,0.0,0.0,6.304448802421981,1092,286.0,0
1977,1977,144.0,6.828712071641684,6.828712071641684,1008,678.0,201
1977,1977,0.0,7.046647277848756,7.126890808898808,1356,528.0,1424
1977,1994,0.0,7.014814351275545,7.057036981697891,1676,672.0,690
1977,1977,0.0,6.2766434893416445,6.57507584059962,1432,531.0,0
1971,1971,0.0,6.680854678790215,6.680854678790215,796,0.0,129
1961,1961,198.0,6.699500340161678,7.242082359256962,1608,444.0,152
1976,2003,0.0,6.994849985833071,6.994849985833071,1178,502.0,0
1983,1983,0.0,6.391917113392602,6.705639094860003,816,264.0,330
1984,1984,0.0,6.248042874508429,6.762729506931879,887,288.0,140
1954,1954,28.0,6.150602768446279,7.072421900537371,1293,452.0,280
1956,1956,244.0,6.651571873589727,6.9167150203536085,1024,313.0,0
1957,1957,302.0,7.028201432058005,7.388946097618437,1797,963.0,0
1957,1957,902.0,7.01301578963963,7.441906728051625,1390,550.0,0
1969,1969,434.0,0.0,7.524021415206125,1851,506.0,0
1997,1998,0.0,6.55250788703459,6.70196036600254,1525,400.0,421
1995,1995,0.0,0.0,6.661854740545311,1671,423.0,0
1996,1996,0.0,0.0,6.71174039505618,1776,443.0,286
2005,2005,216.0,0.0,6.980075940561763,2064,527.0,0
2005,2006,248.0,4.110873864173311,7.438971592395862,2212,773.0,237
1994,1994,0.0,0.0,7.631916513071252,2687,618.0,168
1993,1994,112.0,6.559615237493242,7.057036981697891,1169,402.0,0
1987,1987,0.0,0.0,7.083387847625295,1204,461.0,120
2005,2006,600.0,7.105786129481271,7.243512974665482,2798,670.0,182
2006,2006,662.0,0.0,7.332369205929062,3390,758.0,204
2006,2006,184.0,5.327876168789581,6.9985096422506015,2473,675.0,246
2006,2006,734.0,7.095893221097532,7.523481312573497,2698,736.0,250
2005,2006,550.0,0.0,7.237778191923443,2795,660.0,272
2005,2005,230.0,7.083387847625295,7.44716835960004,1714,517.0,156
2005,2005,420.0,7.256297239690681,7.555381944240273,2000,722.0,351
1980,1980,130.0,6.7464121285733745,6.8966943316227125,1102,582.0,140
1978,1978,68.0,0.0,6.852242569051878,1857,482.0,400
1976,1976,252.0,6.913737350659685,6.954638864880987,1083,596.0,444
2005,2006,0.0,6.670766320845874,6.8679744089702925,2318,541.0,0
1975,2000,248.0,6.3080984415095305,6.516193076042964,1875,485.0,48
1974,1974,176.0,6.628041376179533,7.00669522683704,1103,462.0,295
1971,1971,0.0,3.044522437723423,6.762729506931879,874,576.0,63
2002,2002,0.0,6.858565034791365,7.305188215393037,1419,543.0,196
1973,1973,514.0,0.0,6.26530121273771,1092,440.0,0
1973,1973,200.0,5.998936561946683,6.641182169740591,1365,440.0,0
1972,1972,380.0,5.645446897643238,6.20455776256869,1030,264.0,0
1972,1972,504.0,5.6240175061873385,6.182084906716632,948,264.0,0
1972,1972,504.0,5.948034989180646,6.26530121273771,1092,264.0,352
1975,1975,0.0,6.590301048196686,6.975413927455952,1069,440.0,0
1967,1975,0.0,5.924255797414532,6.8501261661455,1387,300.0,0
1976,1976,0.0,4.795790545596741,6.962243464266207,1055,319.0,0
1976,1976,0.0,4.2626798770413155,6.752270376141742,1456,460.0,0
2006,2006,215.0,7.222566018822171,7.461065514354283,2589,831.0,0
2004,2004,232.0,0.0,7.389563953677635,1618,880.0,0
2006,2006,206.0,0.0,7.451241684987676,1740,874.0,0
2005,2005,568.0,7.317212408359839,7.533158807455563,1868,1085.0,354
2005,2006,525.0,0.0,6.994849985833071,2206,670.0,148
2005,2006,385.0,7.1631723908466425,7.382124365737512,2091,521.0,194
2005,2006,0.0,0.0,7.098375638590786,2253,575.0,243
2006,2006,0.0,0.0,6.961296045910167,2389,672.0,176
2005,2006,142.0,6.78105762593618,7.329749689041512,2358,784.0,120
2005,2006,430.0,7.117205503164344,7.491645473605133,1792,925.0,204
2004,2005,674.0,7.232733136177615,7.484930283289661,1780,816.0,144
2004,2004,112.0,6.902742737158593,7.259116128097101,1914,746.0,168
2005,2005,278.0,6.159095388491933,7.353081920515432,1565,556.0,196
2006,2006,518.0,6.931471805599453,7.430707082545968,1686,899.0,266
2006,2006,572.0,6.030685260261263,7.418780882750794,1666,575.0,228
2005,2006,0.0,0.0,6.591673732008658,1456,390.0,0
2006,2006,0.0,0.0,6.6052979209482015,1492,440.0,0
2006,2006,0.0,0.0,7.190676034332207,1326,427.0,100
2004,2005,236.0,0.0,6.959398512133975,2373,632.0,120
2006,2006,0.0,0.0,6.6052979209482015,1492,440.0,100
2006,2006,14.0,6.118097198041348,7.107425474110705,1364,437.0,100
2002,2002,40.0,6.946013991099227,7.221835825288449,1511,398.0,130
2004,2004,18.0,6.966024187106113,7.2196420401307355,1548,388.0,143
2005,2006,14.0,2.833213344056216,7.04141166379481,1142,440.0,90
2004,2005,0.0,0.0,6.744059186311348,1598,433.0,100
2000,2000,0.0,6.597145701886651,6.890609120147166,1889,431.0,0
2006,2006,0.0,0.0,6.943122422819428,2322,617.0,400
1998,1998,242.0,6.674561391814426,6.951772164398911,1976,885.0,210
2000,2000,322.0,6.226536669287466,7.057036981697891,2234,768.0,0
2000,2000,877.0,7.075808863978387,7.340186835320115,2855,774.0,247
1995,1995,397.0,6.269096283706261,7.202661196523238,2726,725.0,307
1993,1994,738.0,5.680172609017068,7.458186157340487,3500,959.0,870
1994,1995,501.0,5.942799375126701,7.1631723908466425,2494,803.0,200
1993,1993,420.0,5.5134287461649825,7.160069207596127,2799,704.0,432
2005,2006,192.0,0.0,7.00397413672268,1964,760.0,200
2006,2006,0.0,7.354362330421477,7.421177528595393,1670,928.0,0
2006,2006,60.0,0.0,7.316548177182976,1504,510.0,144
2006,2006,0.0,3.2188758248682006,7.153833801578843,1278,584.0,0
2006,2006,0.0,7.515889085215125,7.619233416226805,2640,792.0,0
2005,2005,0.0,0.0,6.755768921984255,1716,615.0,0
2005,2005,0.0,3.2188758248682006,7.04141166379481,1142,0.0,4
2005,2006,118.0,0.0,7.244941546337007,1400,612.0,144
2005,2006,0.0,0.0,7.0317412587631285,1131,0.0,0
2005,2005,172.0,0.0,6.79346613258001,1686,462.0,144
2005,2005,96.0,0.0,6.665683717782408,1585,449.0,100
1997,1998,0.0,0.0,6.848005274576363,1837,688.0,150
1992,1993,0.0,6.63200177739563,6.729824070489475,1731,462.0,307
1990,1991,0.0,6.807934943699926,7.243512974665482,1398,542.0,0
1991,1991,0.0,5.631211781821365,7.1049654482698426,1217,484.0,0
1994,1994,0.0,5.616771097666572,6.456769655572163,1320,472.0,0
1962,1962,51.0,3.6109179126442243,6.8966943316227125,988,624.0,0
1977,1977,0.0,0.0,0.0,1654,528.0,0
1962,2002,0.0,6.418364935936212,6.762729506931879,1211,576.0,161
1965,1965,0.0,6.318968113746434,6.892641641172089,984,310.0,0
1968,1968,90.0,5.093750200806762,6.78332520060396,909,294.0,0
1963,1963,0.0,5.204006687076795,6.8308742346461795,925,484.0,203
1965,1965,0.0,6.569481420414296,6.932447891572509,1024,308.0,0
1964,1964,0.0,6.4692503167957724,6.816735880594968,912,0.0,0
1967,1967,0.0,6.492239835020471,6.816735880594968,941,288.0,64
1974,1974,145.0,6.931471805599453,7.466799475018602,2646,550.0,641
1992,1993,692.0,7.020190708311925,7.19668657083435,2826,888.0,177
2004,2004,0.0,0.0,7.042286171939743,1143,588.0,0
2005,2005,0.0,0.0,6.398594934535208,1223,480.0,0
2000,2000,513.0,5.869296913133774,6.6293632534374485,1524,440.0,0
2003,2003,0.0,0.0,6.274762021241939,1080,496.0,0
1997,1998,0.0,0.0,6.345636360828596,1694,434.0,0
2001,2002,0.0,0.0,7.358193752733032,1568,564.0,0
1972,1972,144.0,6.870053411798126,7.050989447068045,1193,501.0,140
1967,1967,264.0,6.317164686747284,7.19668657083435,1334,477.0,0
1968,1968,0.0,6.63200177739563,6.9584483932976555,1051,504.0,0
1968,1968,300.0,5.8916442118257715,6.803505257608338,1770,530.0,0
1968,2004,203.0,6.634633357861686,6.884486652042782,976,504.0,94
1968,1968,0.0,6.61338421837956,6.726233402358747,898,326.0,143
1966,1966,0.0,6.684611727667927,6.9584483932976555,1051,264.0,182
1967,1967,140.0,6.401917196727186,7.040536390215956,1141,568.0,0
1965,2000,0.0,6.804614520062624,7.080026499922591,1565,299.0,200
1964,1964,112.0,5.564520407322694,6.9167150203536085,1488,430.0,154
1964,1964,0.0,5.8888779583328805,6.580639137284949,1440,480.0,0
1960,1960,88.0,6.450470422144176,7.130098510125578,1248,286.0,0
1934,1950,0.0,6.354370040797351,6.705639094860003,816,240.0,228
1947,1950,0.0,0.0,6.844815479208263,1043,273.0,125
1961,1990,0.0,6.82001636467413,7.132497551660044,1433,441.0,144
1952,1952,150.0,3.713572066704308,7.275864600546533,1624,240.0,0
1951,1951,144.0,6.904750769961838,6.963189985870238,1216,280.0,0
1949,1973,0.0,0.0,6.558197802812269,1728,234.0,245
1954,1975,0.0,6.18826412308259,6.842683282238422,936,240.0,0
1967,1967,0.0,0.0,7.368339686311381,1584,506.0,0
1964,1964,0.0,6.84587987526405,7.1284959456800365,1246,441.0,0
1963,1963,332.0,0.0,6.9167150203536085,1008,430.0,0
1957,1957,0.0,6.436150368369428,7.07326971745971,1364,331.0,0
1958,1958,632.0,5.318119993844216,7.022868086082641,1336,488.0,80
1956,1956,272.0,6.520621127558696,6.9650803456014065,1370,300.0,191
1956,1994,0.0,6.818924065275521,7.025538314638521,1124,353.0,0
1954,2000,176.0,6.715383386334681,6.957497370876951,1050,286.0,0
1952,2003,0.0,6.490723534502507,6.9167150203536085,1008,280.0,0
1951,1951,522.0,0.0,5.37989735354046,1575,400.0,0
1956,1956,0.0,5.605802066295998,5.71042701737487,1145,684.0,0
1956,1956,0.0,6.192362489474872,6.913737350659685,1005,319.0,0
1955,1955,0.0,4.976733742420574,6.963189985870238,1056,300.0,0
1951,1991,0.0,6.60934924316738,6.785587645007929,884,270.0,0
1941,1963,0.0,0.0,6.835184586147301,2039,791.0,0
1956,2001,0.0,6.20455776256869,6.923628628138427,1384,896.0,75
1925,1975,0.0,6.926577033222725,7.683403681053826,2640,1008.0,631
1947,1950,0.0,0.0,6.665683717782408,1312,649.0,0
1930,2001,0.0,0.0,6.570882962339584,713,371.0,0
1929,1950,0.0,0.0,6.573680166960646,715,660.0,0
1900,1998,0.0,0.0,6.1070228877422545,720,280.0,0
1915,1950,0.0,5.82600010738045,6.498282149476434,1595,528.0,49
1910,1950,0.0,0.0,6.982862751468942,1760,648.0,120
1963,1963,379.0,6.364750756851911,6.988413181999592,1146,294.0,345
1962,1985,161.0,6.553933404025811,7.035268599281097,1207,264.0,0
1961,1992,104.0,6.81783057145415,7.1808311990445555,1773,418.0,355
1959,1959,58.0,0.0,0.0,1472,484.0,0
1962,1998,0.0,6.456769655572163,7.271703706887368,2448,441.0,520
1950,1950,0.0,6.1224928095143865,6.814542897259958,1521,597.0,199
1950,1950,0.0,0.0,0.0,1040,400.0,0
1960,1960,0.0,0.0,7.350516171833998,1556,0.0,0
1961,1961,0.0,6.661854740545311,7.048386408721883,1150,288.0,0
1962,1962,0.0,6.697034247666484,6.952728644624869,1045,528.0,0
1962,1962,0.0,6.150602768446279,6.762729506931879,864,336.0,0
1962,1962,0.0,6.860663671448287,6.933423025730715,1025,0.0,96
1900,2005,0.0,0.0,6.57507584059962,2014,624.0,0
1948,1950,264.0,5.6240175061873385,7.10085190894405,1668,240.0,0
1920,1980,0.0,5.652489180268651,7.045776576879511,1657,162.0,0
1900,2004,0.0,5.945420608606575,6.660575149839686,1416,400.0,0
1900,1970,0.0,5.342334251964811,6.569481420414296,1428,576.0,264
1930,1950,0.0,0.0,6.220590170099739,1004,200.0,280
1900,1950,0.0,0.0,6.844815479208263,1951,576.0,0
1924,1950,0.0,4.969813299576001,6.940222469119639,1032,280.0,0
1925,1950,0.0,0.0,6.739336627357174,844,216.0,50
1950,1950,0.0,0.0,6.3578422665081,864,528.0,0
1905,1950,0.0,0.0,6.6052979209482015,1376,216.0,0
1955,1955,0.0,6.3578422665081,6.8679744089702925,960,576.0,0
1924,1950,145.0,0.0,6.705639094860003,1566,450.0,24
1921,1950,0.0,6.0330862217988015,6.20050917404269,492,200.0,0
1945,1950,0.0,5.739792912179234,6.647688373563329,1182,378.0,0
1920,1950,0.0,0.0,6.683360945766275,840,250.0,112
1910,2005,0.0,0.0,7.112327444710911,2104,432.0,0
1920,1950,0.0,0.0,6.437751649736401,1248,0.0,0
1958,1958,0.0,0.0,6.8679744089702925,960,624.0,0
1918,1950,0.0,0.0,6.928537818164665,1020,0.0,0
1924,1996,0.0,0.0,6.744059186311348,1827,240.0,27
1930,1950,0.0,5.8522024797744745,6.591673732008658,1162,258.0,0
1930,1984,0.0,0.0,6.60934924316738,1324,180.0,0
1925,1950,0.0,0.0,6.705639094860003,816,210.0,168
1962,1962,0.0,0.0,7.3752557780097545,2486,576.0,0
1924,1950,0.0,0.0,6.391917113392602,1430,370.0,218
1910,2004,0.0,0.0,5.983936280687191,1330,390.0,0
1919,1950,0.0,0.0,6.415096959171596,819,0.0,0
1930,1950,0.0,5.840641657373398,6.892641641172089,984,308.0,0
1951,1951,41.0,5.799092654460526,6.693323668269949,1422,288.0,0
1964,1964,0.0,0.0,7.561121589530238,1921,576.0,0
1950,1950,0.0,0.0,0.0,1640,394.0,0
1935,1950,0.0,0.0,0.0,1032,260.0,0
1936,1950,0.0,0.0,6.7226297948554485,879,180.0,0
2004,2004,0.0,6.236369590203704,6.97914527506881,1073,246.0,0
1967,1967,305.0,6.659293919683638,6.970730078143525,1064,528.0,314
1964,1964,0.0,6.124683390894205,6.816735880594968,934,336.0,77
1966,1966,0.0,6.651571873589727,6.966024187106113,1059,286.0,0
1967,1967,450.0,5.272999558563747,7.0707241072602764,1458,512.0,284
1978,1978,200.0,6.678342114654332,6.8679744089702925,1040,616.0,131
1977,1977,0.0,0.0,7.584773077612199,1967,580.0,170
1977,1977,99.0,6.182084906716632,7.575584651557793,1949,586.0,32
1924,1950,65.0,0.0,6.771935555839602,872,322.0,0
1967,1967,123.0,6.698268054115413,7.531552381407289,1830,521.0,0
1963,1963,0.0,4.653960350157523,6.90875477931522,1000,575.0,238
1971,1972,153.0,6.284134161070802,6.663132695990803,810,576.0,0
1980,1981,0.0,5.986452005284438,6.066108090103747,1700,450.0,188
1954,1954,0.0,6.684611727667927,6.875232087276577,1350,504.0,237
1942,1950,0.0,5.442417710521793,6.684611727667927,1150,215.0,264
1928,1950,0.0,0.0,6.511745329644728,2009,795.0,0
1935,1990,0.0,6.054439346269371,7.515889085215125,3672,836.0,684
1962,1962,96.0,6.418364935936212,7.482681828154651,1560,528.0,453
1952,2002,232.0,0.0,0.0,1488,569.0,0
1955,1999,164.0,0.0,6.964135612418245,1057,288.0,0
1953,1953,0.0,6.150602768446279,6.90875477931522,1609,305.0,0
1989,1989,232.0,6.309918278226516,6.767343125265392,2559,506.0,0
1993,1993,0.0,5.568344503761097,7.20414929203594,1440,920.0,288
2005,2006,0.0,0.0,7.1770187659099,1876,848.0,0
2005,2005,0.0,5.976350909297934,7.097548850614793,1208,632.0,105
2006,2006,0.0,7.3632795869630385,7.515889085215125,1846,495.0,0
2005,2006,198.0,7.023758954738443,7.359467638255621,1590,754.0,176
2005,2006,0.0,0.0,6.852242569051878,1809,638.0,144
2005,2005,140.0,4.04305126783455,7.387090235656757,1614,576.0,100
2005,2005,532.0,0.0,6.665683717782408,1596,610.0,144
1968,1968,0.0,6.74993119378857,7.236339342754344,1388,522.0,0
1996,1996,0.0,0.0,7.00397413672268,1100,462.0,0
1995,1995,68.0,0.0,6.661854740545311,1499,473.0,413
1998,1998,0.0,6.741700694652055,7.262628600974241,1425,591.0,0
1999,1999,0.0,6.2166061010848646,6.736966958001855,1749,515.0,140
1999,2000,0.0,6.796823718274855,6.858565034791365,1779,586.0,208
1977,1977,62.0,6.234410725718371,6.516193076042964,1388,317.0,406
1978,1978,123.0,6.39024066706535,6.903747257584598,1282,672.0,386
1972,1972,0.0,6.082218910376446,6.762729506931879,864,297.0,0
2002,2002,199.0,6.124683390894205,6.717804695023691,1762,591.0,320
1999,1999,148.0,6.461468176353717,6.734591659972948,1755,530.0,176
2002,2002,0.0,6.771935555839602,7.207118856207756,1358,418.0,68
2002,2002,0.0,0.0,6.771935555839602,1909,529.0,0
1999,1999,261.0,6.825460036255307,6.994849985833071,2214,646.0,197
1996,1997,0.0,0.0,6.97166860472579,2049,467.0,120
1998,1998,227.0,6.680854678790215,6.961296045910167,1939,555.0,128
1995,1996,0.0,6.530877627725885,6.836259277277067,1995,610.0,275
2003,2003,170.0,6.576469569048224,6.744059186311348,848,420.0,140
2003,2003,0.0,6.90875477931522,7.237778191923443,1390,545.0,0
2006,2006,0.0,0.0,6.747586526829315,1737,578.0,0
2005,2005,0.0,0.0,6.665683717782408,1611,572.0,144
2005,2006,0.0,6.904750769961838,7.198183577101943,1336,502.0,136
1910,2000,0.0,5.159055299214529,6.517671272912275,1436,528.0,147
1975,1975,355.0,6.884486652042782,6.884486652042782,1012,0.0,0
1969,1969,0.0,6.742880635791903,7.0707241072602764,1176,360.0,0
2003,2004,190.0,0.0,6.680854678790215,1724,616.0,168
2002,2002,0.0,6.16541785423142,6.818924065275521,914,0.0,32
2003,2005,0.0,0.0,7.048386408721883,2314,502.0,0
2005,2006,82.0,6.306275286948016,6.306275286948016,1072,525.0,0
2004,2004,50.0,0.0,6.878326468291325,1709,380.0,0
1948,1950,0.0,0.0,6.437751649736401,936,265.0,0
1915,1950,0.0,0.0,6.725033642166843,1338,528.0,0
1924,1950,0.0,0.0,6.9975959829819265,1669,288.0,0
1954,1968,60.0,6.539585955617669,6.86171134048073,1482,609.0,0
1922,1950,0.0,0.0,6.762729506931879,1414,0.0,0
1922,1955,0.0,0.0,6.212606095751519,498,216.0,0
1910,1993,0.0,0.0,6.424869023905388,1273,275.0,212
1938,1950,0.0,6.836259277277067,6.9650803456014065,1551,240.0,0
1945,1950,0.0,6.660575149839686,6.660575149839686,1340,440.0,0
1926,1997,0.0,6.052089168924417,6.437751649736401,1479,312.0,530
1920,1950,0.0,5.723585101952381,6.628041376179533,1510,216.0,0
1919,1950,0.0,0.0,6.70808408385307,1636,288.0,0
1939,1950,0.0,6.472346294500901,6.900730664045173,1465,240.0,0
1941,1950,0.0,5.953243334287785,6.715383386334681,1288,240.0,0
1920,1950,0.0,0.0,6.706862336602747,1550,318.0,0
1940,1950,0.0,6.401917196727186,6.804614520062624,1717,410.0,0
1929,1950,270.0,6.267200548541362,6.930494765951626,1671,451.0,0
1932,1990,0.0,0.0,6.45833828334479,1609,579.0,0
1930,1959,0.0,0.0,6.548219102762372,1801,365.0,0
1950,1963,405.0,6.634633357861686,7.063903961472068,2315,342.0,0
1942,1950,0.0,5.723585101952381,6.884486652042782,976,215.0,160
1926,1950,0.0,5.926926025970411,6.759255270663693,1285,506.0,96
1925,1950,0.0,0.0,6.07073772800249,672,0.0,0
1925,1950,0.0,0.0,6.464588303689961,641,272.0,184
1957,1957,327.0,0.0,6.875232087276577,1638,384.0,0
1945,1950,0.0,0.0,0.0,729,0.0,0
1951,1951,0.0,0.0,6.493753839851686,1396,0.0,0
1916,1950,0.0,0.0,5.37989735354046,936,0.0,0
2005,2006,473.0,7.3613754289773485,7.3613754289773485,1778,495.0,123
2004,2005,186.0,7.355641102974253,7.374629015218945,1646,525.0,128
1979,1979,0.0,6.655440350367647,7.3938782901077555,1625,576.0,136
1978,1978,0.0,0.0,7.417580402414544,1664,616.0,0
2001,2001,0.0,0.0,7.307872780763706,1491,490.0,120
1975,1975,257.0,6.3578422665081,7.029087564149662,1210,528.0,0
1958,1958,0.0,6.813444599510896,7.398174092970465,1650,518.0,0
2000,2000,0.0,7.036148493750536,7.231287004327616,1403,470.0,0
2005,2006,198.0,7.208600337960199,7.455298485683291,1960,714.0,172
2005,2006,382.0,7.283448228756631,7.516977224604321,1838,682.0,161
1951,1951,0.0,0.0,0.0,1600,270.0,0
1997,1997,200.0,7.126087273299125,7.161622002939187,1368,784.0,0
1977,1977,0.0,0.0,5.579729825986222,1304,336.0,141
1968,2003,0.0,6.091309882077698,6.762729506931879,874,288.0,0
1970,1970,0.0,5.0106352940962555,7.410347097821024,1652,928.0,0
1970,1970,0.0,6.259581464064923,6.447305862541213,630,0.0,0
1972,1972,0.0,5.53338948872752,6.304448802421981,1092,253.0,0
1969,1979,194.0,4.787491742782046,7.007600613951853,1360,336.0,160
1970,1970,0.0,6.013715156042802,6.304448802421981,1092,286.0,0
1970,1970,0.0,0.0,6.304448802421981,1092,0.0,0
1970,1970,0.0,0.0,6.304448802421981,1092,0.0,0
1970,1970,0.0,5.53338948872752,6.304448802421981,1092,286.0,0
1960,1996,0.0,7.110696122978827,7.110696122978827,1224,576.0,474
1992,1992,0.0,5.823045895483019,6.816735880594968,970,0.0,80
1993,1994,94.0,6.63200177739563,6.904750769961838,2000,650.0,190
